<?xml version="1.0" encoding="utf-8" ?>
<loadFolders>
	<v1.2>
	<li>Contents</li>
	<li>1.2</li>
		<li IfModActive="Ludeon.RimWorld.Royalty">Royalty</li>
		<li IfModActive="rim.job.world">RJW</li>
		<li IfModActive="shauaputa.rimnudeworld">Rimnude</li>
	</v1.2>
	<v1.3>
	<li>Contents</li>
	<li>1.3</li>
		<li IfModActive="Ludeon.RimWorld.Royalty">Royalty</li>
		<li IfModActive="Ludeon.RimWorld.Ideology">Ideology</li>
		<li IfModActive="rim.job.world">RJW</li>
		<li IfModActive="shauaputa.rimnudeworld">Rimnude</li>
	</v1.3>
</loadFolders>