<?xml version="1.0" encoding="UTF-8" ?>
<ModMetaData>
	<name>Carniculus</name>
	<author>muri</author>
	<packageId>muri.carniculus</packageId>
	<url></url>
<supportedVersions>
	<li>1.2</li>
	<li>1.3</li>
</supportedVersions>
<modDependencies>
	<li>
		<packageId>erdelf.HumanoidAlienRaces</packageId>
		<displayName>Humanoid Alien Races 2.0</displayName>
		<steamWorkshopUrl>steam://url/CommunityFilePage/839005762</steamWorkshopUrl>
		<downloadUrl>https://github.com/erdelf/AlienRaces/wiki</downloadUrl>
	</li>
	<li>
		<packageId>rim.job.world</packageId>
		<displayName>RJW</displayName>
		<downloadUrl>https://gitgud.io/Ed86/rjw</downloadUrl>
	</li>
</modDependencies>
<loadBefore>
	<li>shauaputa.rimnudeworld</li>
</loadBefore><loadAfter>
	<li>erdelf.HumanoidAlienRaces</li>
</loadAfter>
	<description>alien mutant tumorous meaty monster race.
RJW用好色肉塊種族
</description>

</ModMetaData>