<?xml version="1.0" encoding="utf-8" ?>
<Defs>

<AlienRace.ThingDef_AlienRace ParentName="BasePawn">
	<defName>Alien_Carniculus</defName>
	<label>carniculus</label>
	<description>A life form created from alien diseased tissue. \nThey have strong bodies and can stand naked in most temperatures, but they are ugly and have voracious appetites and sexual appetites, often soiling the floor.</description>
<race>
	<body>Human</body>
	<baseBodySize>1.3</baseBodySize>
	<baseHealthScale>1.2</baseHealthScale>
	<baseHungerRate>1.5</baseHungerRate>
	<thinkTreeMain>Humanlike</thinkTreeMain>
	<thinkTreeConstant>HumanlikeConstant</thinkTreeConstant>
	<intelligence>Humanlike</intelligence>
	<makesFootprints>true</makesFootprints>
	<useMeatFrom>Human</useMeatFrom>
	<lifeExpectancy>80</lifeExpectancy>
	<nameCategory>HumanStandard</nameCategory>
	<foodType>CarnivoreAnimal, Corpse, Meat, Fluid, AnimalProduct, Liquor</foodType>
	<gestationPeriodDays>13</gestationPeriodDays>
	<litterSizeCurve>
	<points>
		<li>(1, 0)</li>
		<li>(2, 100)</li>
		<li>(3, 10)</li>
		<li>(4, 0)</li>
		<li>(5, 0)</li>
	</points>
	</litterSizeCurve>
	<lifeStageAges>
	<li>
		<def>HumanlikeBaby</def>
		<minAge>0</minAge>
	</li>
	<li>
		<def>HumanlikeToddler</def>
		<minAge>2.2</minAge>
	</li>
	<li>
		<def>HumanlikeChild</def>
		<minAge>4</minAge>
	</li>
	<li>
		<def>HumanlikeTeenager</def>
		<minAge>10</minAge>
	</li>
	<li>
		<def>HumanlikeAdult</def>
		<minAge>13</minAge>
	</li>
	</lifeStageAges>
		<soundMeleeHitPawn>Pawn_Melee_BigBash_HitPawn</soundMeleeHitPawn>
		<soundMeleeHitBuilding>Pawn_Melee_BigBash_HitBuilding</soundMeleeHitBuilding>
		<soundMeleeMiss>Pawn_Melee_BigBash_Miss</soundMeleeMiss>
	<specialShadowData>
		<volume>(0.3, 0.8, 0.4)</volume>
		<offset>(0,0,-0.3)</offset>
	</specialShadowData>
	<ageGenerationCurve>
	<points>
		<li>(10,0)</li>
		<li>(16,1)</li>
		<li>(20,100)</li>
		<li>(30,0)</li>
		<li>(80,0)</li>
	</points>
	</ageGenerationCurve>
	<hediffGiverSets>
		<li>OrganicStandard</li>
		<li>Human</li>
	</hediffGiverSets>
</race>

<tools>
	<li>
		<label>left fist</label>
		<capacities>
			<li>Blunt</li>
		</capacities>
		<power>15</power>
		<cooldownTime>1.5</cooldownTime>
		<armorPenetration>0.3</armorPenetration>
		<linkedBodyPartsGroup>LeftHand</linkedBodyPartsGroup>
			<surpriseAttack>
			<extraMeleeDamages>
				<li>
					<def>Stun</def>
					<amount>20</amount>
				</li>
			</extraMeleeDamages>
			</surpriseAttack>
	</li>
	<li>
		<label>right fist</label>
		<capacities>
			<li>Blunt</li>
		</capacities>
		<power>15</power>
		<cooldownTime>1.5</cooldownTime>
		<armorPenetration>0.3</armorPenetration>
		<linkedBodyPartsGroup>RightHand</linkedBodyPartsGroup>
			<surpriseAttack>
			<extraMeleeDamages>
				<li>
					<def>Stun</def>
					<amount>20</amount>
				</li>
			</extraMeleeDamages>
			</surpriseAttack>
	</li>
	<li>
		<label>head</label>
		<capacities>
			<li>Blunt</li>
		</capacities>
		<power>18</power>
		<cooldownTime>2</cooldownTime>
		<linkedBodyPartsGroup>HeadAttackTool</linkedBodyPartsGroup>
		<ensureLinkedBodyPartsGroupAlwaysUsable>true</ensureLinkedBodyPartsGroupAlwaysUsable>
		<chanceFactor>0.2</chanceFactor>
	</li>
</tools>

<alienRace>
<generalSettings>
	<minAgeForAdulthood>13</minAgeForAdulthood>
	<allowHumanBios>false</allowHumanBios>
	<humanRecipeImport>true</humanRecipeImport>
	<immuneToAge>true</immuneToAge>
	<maleGenderProbability>0.75</maleGenderProbability>

<alienPartGenerator>
	<aliencrowntypes>
		<li>Head1</li>
		<li>Head2</li>
		<li>Head3</li>
	</aliencrowntypes>
		<useGenderedHeads>true</useGenderedHeads>
		<!-- <useGenderedBodies>true</useGenderedBodies> -->
	<alienbodytypes>
		<li>Female</li>
		<li>Male</li>
	</alienbodytypes>
	<headOffset>(0, -0.03)</headOffset>
	<customDrawSize>(1.1, 1.0)</customDrawSize>
	<customHeadDrawSize>(1.1, 1.0)</customHeadDrawSize>
	<customPortraitDrawSize>(1.0, 1.0)</customPortraitDrawSize>
	<customPortraitHeadDrawSize>(1.0, 1.0)</customPortraitHeadDrawSize>
				<colorChannels>
					<li>
					<name>skin</name>
						<first Class="ColorGenerator_Options">
							<options>
								<li>
									<weight>1</weight>
									<only>(220,140,150)</only>
								</li>
								<li>
									<weight>1</weight>
									<only>(187,116,134)</only>
								</li>
								<li>
									<weight>1</weight>
									<only>(160,77,90)</only>
								</li>
								<li>
									<weight>1</weight>
									<only>(225,187,161)</only>
								</li>
						</options>
						</first>
					</li>

					<li>
					<name>hair</name>
						<first Class="ColorGenerator_Options">
							<options>
								<li>
									<weight>1</weight>
									<only>RGBA(220,140,150)</only>
								</li>
								<li>
									<weight>1</weight>
									<only>RGBA(169,74,87)</only>
								</li>
								<li>
									<weight>1</weight>
									<only>RGBA(188,104,113)</only>
								</li>
								<li>
									<weight>1</weight>
									<only>RGBA(154,71,76)</only>
								</li>
								<li>
									<weight>1</weight>
									<only>RGBA(143,47,58)</only>
								</li>
							</options>
						</first>
					</li>
				</colorChannels>
</alienPartGenerator>

<disallowedTraits>
	<li>
		<defName>Beauty</defName>
		<degree>1</degree>
		<chance>100</chance>
	</li>
	<li>
		<defName>Beauty</defName>
		<degree>2</degree>
		<chance>100</chance>
	</li>
	<li>
		<defName>Jealous</defName>
	</li>
	<li>
		<defName>Greedy</defName>
	</li>
</disallowedTraits>
<forcedRaceTraitEntries>
	<li>
		<defName>CreepyBreathing</defName>
		<chance>30</chance>
	</li>
	<li>
		<defName>Beauty</defName>
		<degree>-2</degree>
		<chance>50</chance>
	</li>
	<li>
		<defName>Beauty</defName>
		<degree>-1</degree>
		<chance>20</chance>
	</li>
	<li>
		<defName>Nymphomaniac</defName>
		<chance>10</chance>
	</li>
	<li>
		<defName>Rapist</defName>
		<chance>100</chance>
	</li>
	</forcedRaceTraitEntries>
</generalSettings>

<graphicPaths>
	<li>
		<body>Things/Pawn/Carni/Bodies/</body>
		<head>Things/Pawn/Carni/Heads/</head>
		<skeleton>Things/Pawn/Humanlike/Bodies/Dessicated/Dessicated_Male</skeleton>
	</li>
</graphicPaths>

<styleSettings>
	<li>
		<key>HairDef</key>
		<value>
			<hasStyle>true</hasStyle>
			<styleTagsOverride>
				<li>Carni_Hair</li>
			</styleTagsOverride>
		</value>
	</li>
	<li>
		<key>TattooDef</key>
		<value>
			<hasStyle>false</hasStyle>
		</value>
	</li>
	<li>
		<key>BeardDef</key>
		<value>
			<hasStyle>false</hasStyle>
		</value>
	</li>
</styleSettings>

<raceRestriction>
	<onlyUseRaceRestrictedApparel>true</onlyUseRaceRestrictedApparel>
	<onlyUseRaceRestrictedWeapons>false</onlyUseRaceRestrictedWeapons>
	<onlyBuildRaceRestrictedBuildings>false</onlyBuildRaceRestrictedBuildings>
	<onlyEatRaceRestrictedFood>false</onlyEatRaceRestrictedFood>
<!-- 服リスト -->
	<apparelList>
		<li>Apparel_CarniSack</li>
		<li>Apparel_CarniVeil</li>
		<li>Apparel_CarniFat</li>
		<li>Apparel_CarniVein</li>
		<li>Apparel_CarniApron</li>
		<li>Apparel_CarniLeatherSuit</li>
		<li>Apparel_CarniLeatherMask</li>
		<li>Apparel_CarniGloves</li>
		<li>Apparel_CarniFleshArmor</li>
		<li>Apparel_CarniCollodionArmor</li>
		<li>Apparel_CarniNecroArmor</li>
	</apparelList>
	<whiteApparelList>
		<li>Apparel_ShieldBelt</li>
		<li>Apparel_SmokepopBelt</li>
		<li MayRequire="Ludeon.RimWorld.Royalty">Apparel_PackJump</li>
		<li MayRequire="Ludeon.RimWorld.Royalty">Apparel_PackBroadshield</li>
	</whiteApparelList>
</raceRestriction>

<relationSettings>
	<relationChanceModifierChild>0.5</relationChanceModifierChild>
	<relationChanceModifierExLover>0</relationChanceModifierExLover>
	<relationChanceModifierExSpouse>0</relationChanceModifierExSpouse>
	<relationChanceModifierFiance>0</relationChanceModifierFiance>
	<relationChanceModifierLover>0</relationChanceModifierLover>
	<relationChanceModifierParent>0.2</relationChanceModifierParent>
	<relationChanceModifierSibling>0.5</relationChanceModifierSibling>
	<relationChanceModifierSpouse>0</relationChanceModifierSpouse>
</relationSettings>

<thoughtSettings>
<cannotReceiveThoughts>
<!-- food temp naked etc -->
		<li>SharedBed</li>
		<li>AteRawFood</li>
		<li>AteCorpse</li>
		<li>AteHumanlikeMeatDirect</li>
		<li>AteHumanlikeMeatAsIngredient</li>
		<li>ObservedLayingCorpse</li>
		<li>ObservedLayingRottingCorpse</li>
		<li>Naked</li>
		<li>ButcheredHumanlikeCorpse</li>
		<li>KnowButcheredHumanlikeCorpse</li>
		<li>ButcheredHumanlikeCorpseOpinion</li>
		<li>KnowGuestOrganHarvested</li>
		<li>KnowColonistOrganHarvested</li>
		<li MayRequire="Ludeon.RimWorld.Ideology">HarvestedOrgan_Abhorrent</li>
		<li MayRequire="Ludeon.RimWorld.Ideology">HarvestedOrgan_Know_Abhorrent_Mood</li>
		<li MayRequire="Ludeon.RimWorld.Ideology">HarvestedOrgan_Horrible</li>
		<li MayRequire="Ludeon.RimWorld.Ideology">HarvestedOrgan_Know_Horrible_Mood</li>
<!-- social opinion -->
		<li>Ugly</li>
		<li>AnnoyingVoice</li>
		<li>CreepyBreathing</li>
		<li>Disfigured</li>
		<li>Affair</li>
		<li>Incestuous</li>
<!-- BadHygiene -->
		<li MayRequire="Dubwise.DubsBadHygiene">WashPrivacy</li>
		<li MayRequire="Dubwise.DubsBadHygiene">ToiletPrivacy</li>
		<li MayRequire="Dubwise.DubsBadHygiene">openDefecation</li>
<!-- RJW -->
		<li>GotBredByAnimal</li>
		<li>GotAnalBredByAnimal</li>
		<li>AllowedAnimalToBreed</li>
		<li>GotLickedByAnimal</li>
		<li>GotRaped</li>
		<li>GotAnalRaped</li>
		<li>GotAnalRapedByFemale</li>
		<li>GotRapedUnconscious</li>
		<li>HateMyRapist</li>
		<li>AllowedMeToGetRaped</li>
		<li MayRequire="rim.job.world.pe">ChildRapedByAdult</li>
		<li MayRequire="rim.job.world.pe">RapedMyChild</li>
</cannotReceiveThoughts>
</thoughtSettings>
</alienRace>

<statBases>
	<MarketValue>1750</MarketValue>
	<Mass>75</Mass>
	<MoveSpeed>5</MoveSpeed>
	<CarryingCapacity>110</CarryingCapacity>
	<ComfyTemperatureMin>-10</ComfyTemperatureMin>
	<ComfyTemperatureMax>45</ComfyTemperatureMax>
	<LeatherAmount>0</LeatherAmount>
	<EatingSpeed>2</EatingSpeed>
	<FilthRate>2</FilthRate>
	<ImmunityGainSpeed>1.0</ImmunityGainSpeed>
	<MentalBreakThreshold>0.3</MentalBreakThreshold>
	<PlantWorkSpeed>0.8</PlantWorkSpeed>
	<MiningSpeed>0.7</MiningSpeed>
	<ConstructionSpeed>0.7</ConstructionSpeed>
	<ResearchSpeed>1.3</ResearchSpeed>
	<MedicalTendQuality>1.2</MedicalTendQuality>
	<PawnBeauty>-2</PawnBeauty>
	<SocialImpact>0.5</SocialImpact>
	<ToxicSensitivity>1.2</ToxicSensitivity>
	<ArmorRating_Blunt>0.50</ArmorRating_Blunt>
	<ArmorRating_Sharp>0.50</ArmorRating_Sharp>
	<ArmorRating_Heat>0.10</ArmorRating_Heat>
	<PainShockThreshold>1.2</PainShockThreshold>
	<RoyalFavorValue>1</RoyalFavorValue>
	<SexFrequency>1.3</SexFrequency>
</statBases>

<recipes>
	<li>InstallArchotechEye</li>
	<li>InstallArchotechArm</li>
	<li>InstallArchotechLeg</li>
	<li>InstallPowerClaw</li>
	<li>InstallBionicEye</li>
	<li>InstallBionicArm</li>
	<li>InstallBionicLeg</li>
	<li>InstallBionicSpine</li>
	<li>InstallBionicHeart</li>
	<li>InstallBionicStomach</li>
	<li>InstallBionicEar</li>
	<li>InstallSimpleProstheticArm</li>
	<li>InstallSimpleProstheticLeg</li>
	<li>InstallSimpleProstheticHeart</li>
	<li>InstallCochlearImplant</li>
	<li>InstallPegLeg</li>
	<li>InstallWoodenFoot</li>
	<li>InstallDenture</li>
	<li>InstallJoywire</li>
	<li>InstallPainstopper</li>
	<li>InstallNaturalHeart</li>
	<li>InstallNaturalLung</li>
	<li>InstallNaturalKidney</li>
	<li>InstallNaturalLiver</li>
	<li>ExciseCarcinoma</li>
	<li>AdministerMechSerumHealer</li>
	<li>RemoveBodyPart</li>
	<li>Euthanize</li>
	<li>Anesthetize</li>
</recipes>

</AlienRace.ThingDef_AlienRace>
</Defs>