<?xml version="1.0" encoding="utf-8" ?>
<!-- for rjw RaceSupport -->
<Defs>
	<rjw.RaceGroupDef>
		<defName>Carniculus_Humanlike</defName>

		<raceNames>
			<li>Alien_Carniculus</li>
		</raceNames>

		<anuses>
			<li>Anus</li>
		</anuses>

		<femaleBreasts>
			<li>Breasts</li>
		</femaleBreasts>

		<femaleGenitals>
			<li>Vagina</li>
		</femaleGenitals>

		<maleBreasts>
			<li>Breasts</li>
		</maleBreasts>

		<maleGenitals>
			<li>Penis</li>
		</maleGenitals>

		<tags>
			<li>Skin</li>
			<li>Slime</li>
		</tags>

		<raceSexDrive>1.3</raceSexDrive>
		<hasSingleGender>false</hasSingleGender>
		<hasSexNeed>true</hasSexNeed>
		<hasFertility>true</hasFertility>
		<hasPregnancy>true</hasPregnancy>
		<oviPregnancy>false</oviPregnancy>
		<ImplantEggs>false</ImplantEggs>

	</rjw.RaceGroupDef>

	<!-- Mama -->
	<rjw.RaceGroupDef>
		<defName>Carniculus_Mama</defName>

		<raceNames>
			<li>Alien_CarniMama</li>
		</raceNames>

		<anuses>
			<li>Anus</li>
		</anuses>

		<femaleBreasts>
			<li>Breasts</li>
		</femaleBreasts>

		<femaleGenitals>
			<li>Vagina</li>
		</femaleGenitals>

		<maleBreasts>
			<li>Breasts</li>
		</maleBreasts>

		<maleGenitals>
			<li>Penis</li>
		</maleGenitals>

		<tags>
			<li>Skin</li>
		</tags>

		<raceSexDrive>1.0</raceSexDrive>
		<hasSingleGender>false</hasSingleGender>
		<hasSexNeed>true</hasSexNeed>
		<hasFertility>true</hasFertility>
		<hasPregnancy>true</hasPregnancy>
		<oviPregnancy>false</oviPregnancy>
		<ImplantEggs>false</ImplantEggs>

	</rjw.RaceGroupDef>

	<!-- animal - Carnigigas -->
	<rjw.RaceGroupDef>
		<defName>Carnigigas</defName>

		<raceNames>
			<li>Carnigigas</li>
		</raceNames>

		<anuses>
			<li>Anus</li>
		</anuses>

		<femaleBreasts>
			<li>GenericBreasts</li>
		</femaleBreasts>

		<femaleGenitals>
			<li>GenericVagina</li>
		</femaleGenitals>

		<maleBreasts>
			<li>GenericBreasts</li>
		</maleBreasts>

		<maleGenitals>
			<li>GenericPenis</li>
		</maleGenitals>

		<tags>
			<li>Skin</li>
			<li>Slime</li>
		</tags>

		<hasSingleGender>false</hasSingleGender>
		<hasSexNeed>true</hasSexNeed>
		<hasFertility>true</hasFertility>
		<hasPregnancy>true</hasPregnancy>
		<oviPregnancy>false</oviPregnancy>
		<ImplantEggs>false</ImplantEggs>
	</rjw.RaceGroupDef>

</Defs>