<?xml version="1.0" encoding="utf-8" ?>
<Defs>
<ScenarioDef>
	<defName>CarniScenario</defName>
	<label>metastasis and proliferation</label>
		<description>Carniculus are experimental life form which have escaped from the glass cases  and taken over a laboratory in planetary orbit.\n Some of them, unable to bear the brutality of their brethren and the overcrowding caused by their reproduction, decided to test their own vitality by descending to the earth in pods.</description>
<scenario>
	<summary>Starts with three gluttonous horny aliens.</summary>
	<playerFaction>
		<def>PlayerFaction</def>
		<factionDef>CarniPlayerFaction</factionDef>
	</playerFaction>
<parts>
	<li Class="ScenPart_ConfigPage_ConfigureStartingPawns">
		<def>ConfigPage_ConfigureStartingPawns</def>
		<pawnCount>3</pawnCount>
		<pawnChoiceCount>8</pawnChoiceCount>
	</li>
	<li Class="ScenPart_Naked">
		<def>Naked</def>
		<context>PlayerStarter</context>
	</li>
	<li Class="ScenPart_PlayerPawnsArriveMethod">
		<def>PlayerPawnsArriveMethod</def>
		<method>DropPods</method>
		<visible>false</visible>
	</li>
	<li Class="ScenPart_StartingThing_Defined">
		<def>StartingThing_Defined</def>
		<thingDef>Silver</thingDef>
		<count>500</count>
	</li>
	<li Class="ScenPart_StartingThing_Defined">
		<def>StartingThing_Defined</def>
		<thingDef>MedicineIndustrial</thingDef>
			<count>20</count>
	</li>
	<li Class="ScenPart_StartingThing_Defined">
		<def>StartingThing_Defined</def>
		<thingDef>MealSurvivalPack</thingDef>
			<count>100</count>
	</li>
	<li Class="ScenPart_StartingThing_Defined">
		<def>StartingThing_Defined</def>
		<thingDef>Neutroamine</thingDef>
			<count>5</count>
	</li>
	<li Class="ScenPart_ScatterThingsNearPlayerStart">
		<def>StartingThing_Defined</def>
		<thingDef>Steel</thingDef>
			<count>100</count>
	</li>
	<li Class="ScenPart_ScatterThingsAnywhere">
		<def>StartingThing_Defined</def>
		<thingDef>WoodLog</thingDef>
			<count>200</count>
	</li>
	<li Class="ScenPart_ScatterThingsAnywhere">
		<def>ScatterThingsAnywhere</def>
		<thingDef>Steel</thingDef>
			<count>300</count>
	</li>
        <li Class="ScenPart_StartingThing_Defined">
          <def>StartingThing_Defined</def>
          <thingDef>Gun_BoltActionRifle</thingDef>
        </li>
        <li Class="ScenPart_StartingThing_Defined">
          <def>StartingThing_Defined</def>
          <thingDef>Gun_BoltActionRifle</thingDef>
        </li>
	<li Class="ScenPart_StartingAnimal">
		<def>StartingAnimal</def>
		<animalKind>Carnigigas</animalKind>
		<count>1</count>
	</li>
        <li Class="ScenPart_ScatterThingsAnywhere">
          <def>ScatterThingsAnywhere</def>
          <thingDef>MealSurvivalPack</thingDef>
          <count>7</count>
        </li>

        <!-- Game start dialog -->
        <li Class="ScenPart_GameStartDialog">
          <def>GameStartDialog</def>
          <text>Carniculus are experimental life form which have escaped from the glass cases  and taken over a laboratory in planetary orbit.\n Some of them, unable to bear the brutality of their brethren and the overcrowding caused by their reproduction, decided to test their own vitality by descending to the earth in pods.</text>
          <closeSound>GameStartSting</closeSound>
        </li>

</parts>
</scenario>
</ScenarioDef>
</Defs>