<?xml version="1.0" encoding="utf-8" ?>
<Patch>
<Operation Class="PatchOperationFindMod">
	<mods>
		<li>RimNudeWorld</li>
	</mods>
	<match Class="PatchOperationSequence">
	<operations>
		<li Class="PatchOperationConditional">
			<xpath>Defs/AlienRace.ThingDef_AlienRace[defName="Alien_CarniMama"]/alienRace/generalSettings/alienPartGenerator/bodyAddons</xpath>
			<success>Always</success>
			<nomatch Class="PatchOperationAdd">
				<xpath>Defs/AlienRace.ThingDef_AlienRace[defName="Alien_CarniMama"]/alienRace/generalSettings/alienPartGenerator</xpath>
					<value><bodyAddons /></value>
			</nomatch>
		</li>
	<li Class="PatchOperationAdd">
		<xpath>Defs/AlienRace.ThingDef_AlienRace[defName="Alien_CarniMama"]/alienRace/generalSettings/alienPartGenerator/bodyAddons</xpath>
<value>
	<li><!-- penises -->
		<path>Genitals/FeaturelessCrotch</path>
		<bodyPart>Genitals</bodyPart>
		<shaderType>Transparent</shaderType>
		<inFrontOfBody>true</inFrontOfBody>
		<drawnInBed>false</drawnInBed>

		<hediffGraphics>
			<Penis>
				<path>Genitals/penis_carni_average</path>
			</Penis>
		</hediffGraphics>

	<offsets>
		<south>
			<bodyTypes>
				<Female>(0,-0.55)</Female>
			</bodyTypes>
		</south>
		<north>
			<bodyTypes>
				<Female>(0,0)</Female>
			</bodyTypes>
		</north>
		<east>
			<bodyTypes>
				<Female>(-0.125,-0.4)</Female>
			</bodyTypes>
		</east>
	</offsets>
	</li>

	<li><!-- bellies -->
		<path>Genitals/FeaturelessCrotch</path>
		<bodyPart>Torso</bodyPart>
		<shaderType>Transparent</shaderType>
		<inFrontOfBody>true</inFrontOfBody>
		<defaultOffset>Tail</defaultOffset>
		<drawnInBed>false</drawnInBed>

	<hediffGraphics>
		<RJW_pregnancy>
			<path>Things/Pawn/Mama/Belly/Belly</path>
				<severity>
					<a0.5>Things/Pawn/Mama/Belly/Belly_huge</a0.5>
					<a0.15>Things/Pawn/Mama/Belly/Belly</a0.15>
				</severity>
		</RJW_pregnancy>
		<RJW_pregnancy_beast>
			<path>Things/Pawn/Mama/Belly/Belly</path>
				<severity>
					<a0.5>Things/Pawn/Mama/Belly/Belly_huge</a0.5>
					<a0.15>Things/Pawn/Mama/Belly/Belly</a0.15>
				</severity>
		</RJW_pregnancy_beast>
		<RJW_pregnancy_mech>
			<path>Things/Pawn/Mama/Belly/Belly</path>
				<severity>
					<a0.5>Things/Pawn/Mama/Belly/Belly_huge</a0.5>
					<a0.15>Things/Pawn/Mama/Belly/Belly</a0.15>
				</severity>
		</RJW_pregnancy_mech>
		<RJW_UnknownEgg>
			<path>Things/Pawn/Mama/Belly/Belly</path>
				<severity>
					<a0.5>Things/Pawn/Mama/Belly/Belly_huge</a0.5>
					<a0.15>Things/Pawn/Mama/Belly/Belly</a0.15>
				</severity>
		</RJW_UnknownEgg>
		<RJW_InsectHiveEgg>
			<path>Things/Pawn/Mama/Belly/Belly</path>
				<severity>
					<a0.5>Things/Pawn/Mama/Belly/Belly_huge</a0.5>
					<a0.15>Things/Pawn/Mama/Belly/Belly</a0.15>
				</severity>
		</RJW_InsectHiveEgg>
		<Cumflation MayRequire="lustlicentia.rjwlabs"><!-- Licentia Labs -->
			<path>Genitals/FeaturelessCrotch</path>
				<severity>
					<a0.666>Things/Pawn/Mama/Belly/Belly_huge</a0.666>
					<a0.333>Things/Pawn/Mama/Belly/Belly</a0.333>
				</severity>
		</Cumflation>
		<Cumstuffed MayRequire="lustlicentia.rjwlabs">
			<path>Genitals/FeaturelessCrotch</path>
				<severity>
					<a0.666>Things/Pawn/Mama/Belly/Belly_huge</a0.666>
					<a0.333>Things/Pawn/Mama/Belly/Belly</a0.333>
				</severity>
		</Cumstuffed>
	</hediffGraphics>

	<offsets>
		<south>
			<layerOffset>-0.289</layerOffset>
				<bodyTypes>
					<Female>(-0.425,0.225)</Female>
				</bodyTypes>
		</south>
		<north>
			<layerOffset>-0.289</layerOffset>
				<bodyTypes>
					<Female>(0,0.56)</Female>
				</bodyTypes>
		</north>
		<east>
			<layerOffset>-0.289</layerOffset>
				<bodyTypes>
					<Female>(-0.428,0.236)</Female>
				</bodyTypes>
		</east>
	</offsets>
</li>
</value>
	</li>
	</operations>
</match>
</Operation>
</Patch>