<?xml version="1.0" encoding="utf-8" ?>
<Patch>
<Operation Class="PatchOperationFindMod">
	<mods>
		<li>RimNudeWorld</li>
	</mods>
	<match Class="PatchOperationSequence">
	<operations>
		<li Class="PatchOperationConditional">
			<xpath>Defs/AlienRace.ThingDef_AlienRace[defName="Alien_Carniculus"]/alienRace/generalSettings/alienPartGenerator/bodyAddons</xpath>
			<success>Always</success>
			<nomatch Class="PatchOperationAdd">
				<xpath>Defs/AlienRace.ThingDef_AlienRace[defName="Alien_Carniculus"]/alienRace/generalSettings/alienPartGenerator</xpath>
					<value><bodyAddons /></value>
			</nomatch>
		</li>
	<li Class="PatchOperationAdd">
		<xpath>Defs/AlienRace.ThingDef_AlienRace[defName="Alien_Carniculus"]/alienRace/generalSettings/alienPartGenerator/bodyAddons</xpath>
	<value>

	<li><!-- penises -->
	<path>Genitals/FeaturelessCrotch</path>
		<bodyPart>Genitals</bodyPart>
		<shaderType>Transparent</shaderType>
		<inFrontOfBody>true</inFrontOfBody>
		<drawnInBed>false</drawnInBed>
			<hiddenUnderApparelFor>
				<li>Legs</li>
			</hiddenUnderApparelFor>

		<hediffGraphics>
		<Penis>
			<path>Genitals/penis_carni_average</path>
		</Penis>
		</hediffGraphics>

		<offsets>
			<south>
				<bodyTypes>
					<Male>(0, -0.575)</Male>
					<Female>(0, -0.575)</Female>
				</bodyTypes>
			</south>
			<north>
				<bodyTypes>
					<Male>(0, -0.05)</Male>
					<Female>(0, -0.05)</Female>
				</bodyTypes>
			</north>
			<east>
				<bodyTypes>
					<Male>(0, -0.65)</Male>
					<Female>(-0.07, -0.5)</Female>
				</bodyTypes>
			</east>
		</offsets>
	</li>

	<li><!-- vaginas -->
		<layerInvert>false</layerInvert>
		<path>Genitals/FeaturelessCrotch</path>
		<bodyPart>Genitals</bodyPart>
		<shaderType>Transparent</shaderType>
		<inFrontOfBody>true</inFrontOfBody>
		<drawnInBed>false</drawnInBed>
			<hiddenUnderApparelFor>
				<li>Legs</li>
			</hiddenUnderApparelFor>

		<hediffGraphics>
		<Vagina>
			<path>Genitals/vagina_carni_average</path>
				<severity>
					<a0.8>Genitals/vagina_carni_average</a0.8>
					<a0.4>Genitals/vagina_carni_small</a0.4>
					<a0.01>Genitals/vagina_carni_micro</a0.01>
				</severity>
		</Vagina>
		</hediffGraphics>

		<offsets>
			<south>
				<bodyTypes>
					<Male>(0, 0)</Male>
					<Female>(0, -0.575)</Female>
				</bodyTypes>
			</south>
			<north>
				<bodyTypes>
					<Male>(0, 0)</Male>
					<Female>(0, -0.575)</Female>
				</bodyTypes>
			</north>
			<east>
				<bodyTypes>
					<Male>(0, 0)</Male>
					<Female>(0, -0.45)</Female>
				</bodyTypes>
			</east>
		</offsets>
	</li>

	<li><!-- bellies -->
		<path>Genitals/FeaturelessCrotch</path>
		<bodyPart>Torso</bodyPart>
		<shaderType>Transparent</shaderType>
		<inFrontOfBody>true</inFrontOfBody>
		<drawnInBed>false</drawnInBed>
			<hiddenUnderApparelFor>
				<li>Torso</li>
			</hiddenUnderApparelFor>

		<hediffGraphics>
			<RJW_pregnancy>
				<path>Things/Pawn/Carni/Belly/belly_carni</path>
					<severity>
						<a0.666>Things/Pawn/Carni/Belly/belly_huge_carni</a0.666>
						<a0.333>Things/Pawn/Carni/Belly/belly_carni</a0.333> 
					</severity>
			</RJW_pregnancy>
		</hediffGraphics>

		<offsets>
			<south>
				<bodyTypes>
					<Male>(0, 0)</Male>
					<Female>(0, -0.05)</Female>
				</bodyTypes>
			</south>
			<north>
				<bodyTypes>
					<Male>(0, 0)</Male>
					<Female>(0, 0)</Female>
				</bodyTypes>
			</north>
			<east>
				<bodyTypes>
					<Male>(0, 0)</Male>
					<Female>(0, 0)</Female>
				</bodyTypes>
			</east>
		</offsets>
	</li>

	</value>
	</li>
	</operations>
</match>
</Operation>
</Patch>