<?xml version="1.0" encoding="utf-8" ?>
<Patch>
    <Operation Class="PatchOperationSequence">
        <success>Always</success>
        <operations>
            <li Class="PatchOperationTest">
                <xpath>Defs/FactionDef[defName = "Empire"]/permanentEnemyToEveryoneExcept</xpath>
            </li>
            <li Class="PatchOperationAdd">
            <xpath>Defs/FactionDef[defName = "Empire"]/permanentEnemyToEveryoneExcept</xpath>
            <value>
                <li>CarniPlayerFaction</li>
                </value>
            </li>
        </operations>
    </Operation>
</Patch>