<?xml version="1.0" encoding="utf-8" ?>
<Defs>
<AlienRace.BackstoryDef Name="MamaBackStory" Abstract="True">
	<femaleCommonality>100</femaleCommonality>
	<maleCommonality>0</maleCommonality>
	<workDisables>
		<li>Mining</li>
		<li>Artistic</li>
	</workDisables>
	<spawnCategories>
		<li>CarniMama</li>
	</spawnCategories>
</AlienRace.BackstoryDef>

<AlienRace.BackstoryDef ParentName="MamaBackStory"><!-- Childhood -->
	<defName>BadGirl</defName>
	<title>bad girl</title>
	<titleShort>bad girl</titleShort>
	<baseDescription>Born as a designer baby in a wealthy family, [PAWN_nameDef] received various instruction and training before she could remember and was accepted into a prestigious educational institution. \nShe was well-known as a vicious bully at the school, but she played the hypocrite towards adults and never got a chance to reform.</baseDescription>
	<slot>Childhood</slot>
	<skillGains>
	<li>
		<defName>Social</defName>
		<amount>3</amount>
	</li>
	<li>
		<defName>Intellectual</defName>
		<amount>3</amount>
	</li>
</skillGains>
</AlienRace.BackstoryDef>

<AlienRace.BackstoryDef ParentName="MamaBackStory"><!-- Adulthood -->
	<defName>GoodMama</defName>
	<title>good mama</title>
	<titleShort>good mama</titleShort>
		<baseDescription>As the chief scientist of a laboratory floating in space, [PAWN_nameDef] performed many experiments on the life forms she created. \nShe enjoyed toying with carniculus and watching them wallow in pain or pleasure, and later received the same treatment from them.</baseDescription>
		<slot>Adulthood</slot>
		<bodyTypeMale>Female</bodyTypeMale>
		<bodyTypeFemale>Female</bodyTypeFemale>
		<linkedBackstory>BadGirl</linkedBackstory>
<skillGains>
	<li>
		<defName>Animals</defName>
		<amount>1</amount>
	</li>
	<li>
		<defName>Intellectual</defName>
		<amount>3</amount>
	</li>
</skillGains>
</AlienRace.BackstoryDef>
</Defs>