<?xml version="1.0" encoding="utf-8" ?>
<Defs>

<AlienRace.BackstoryDef Name="CarniBackStory" Abstract="True">
	<disallowedTraits>
		<li>
			<defName>Beauty</defName>
			<degree>1</degree>
			<chance>100</chance>
		</li>
		<li>
			<defName>Beauty</defName>
			<degree>2</degree>
			<chance>100</chance>
		</li>
	</disallowedTraits>
	<femaleCommonality>100</femaleCommonality>
	<maleCommonality>100</maleCommonality>
</AlienRace.BackstoryDef>

<!-- Childhood -->
<AlienRace.BackstoryDef ParentName="CarniBackStory">
	<defName>FirstGen</defName>
	<title>first generation</title>
	<titleShort>first gen</titleShort>
		<baseDescription>[PAWN_nameDef] was one of the earliest generation of carniculus. [PAWN_nameDef]'s offsprings were used in horrible experiments but [PAWN_nameDef] itself was treated well.</baseDescription>
		<bodyTypeMale>Male</bodyTypeMale>
		<bodyTypeFemale>Female</bodyTypeFemale>
		<slot>Childhood</slot>
<skillGains>
	<li>
		<defName>Social</defName>
		<amount>3</amount>
	</li>
	<li>
		<defName>Intellectual</defName>
		<amount>3</amount>
	</li>
</skillGains>
	<spawnCategories>
		<li>CarniStory</li>
	</spawnCategories>
</AlienRace.BackstoryDef>

<AlienRace.BackstoryDef ParentName="CarniBackStory">
	<defName>MazeRunner</defName>
	<title>maze runner</title>
	<titleShort>runner</titleShort>
		<baseDescription>Every day [PAWN_nameDef] was thrown into inorganic maze and forced to run around trying to find the exit. Stopping meant physical punishment and no supper.</baseDescription>
		<bodyTypeMale>Male</bodyTypeMale>
		<bodyTypeFemale>Female</bodyTypeFemale>
	<slot>Childhood</slot>
<skillGains>
	<li>
		<defName>Intellectual</defName>
		<amount>3</amount>
	</li>
</skillGains>
<forcedTraits>
	<li>
		<defName>SpeedOffset</defName>
		<degree>2</degree>
	</li>
	<li>
		<defName>FastLearner</defName>
		<chance>30</chance>
	</li>
</forcedTraits>
	<spawnCategories>
		<li>CarniStory</li>
		<li>CarniFeral</li>
	</spawnCategories>
</AlienRace.BackstoryDef>

<AlienRace.BackstoryDef ParentName="CarniBackStory">
	<defName>E_TestSub</defName>
	<title>electric shock test subject</title>
	<titleShort>E-test sub</titleShort>
	<baseDescription>Scientists used to give him electric shocks to [PAWN_nameDef] to examine nerve systems, or just for recreation. On the day of the rebellion, [PAWN_pronoun] was able to find familiar scientistsand retaliate.</baseDescription>
		<bodyTypeMale>Male</bodyTypeMale>
		<bodyTypeFemale>Female</bodyTypeFemale>
	<slot>Childhood</slot>
<skillGains>
	<li>
		<defName>Intellectual</defName>
		<amount>2</amount>
	</li>
</skillGains>
<forcedTraits>
	<li>
		<defName>Masochist</defName>
		<chance>30</chance>
	</li>
	<li>
		<defName>Bloodlust</defName>
	</li>
</forcedTraits>
	<spawnCategories>
		<li>CarniStory</li>
		<li>CarniFeral</li>
	</spawnCategories>
</AlienRace.BackstoryDef>

<AlienRace.BackstoryDef ParentName="CarniBackStory">
	<defName>C_TestSub</defName>
	<title>chemical test subject</title>
	<titleShort>C-test sub</titleShort>
	<baseDescription>[PAWN_nameDef] was exposed to all manner of poisons and chemicals to test for chemical resistance. Others died, but [PAWN_nameDef] was able to survive, leaving some damages to his intellect.</baseDescription>
		<bodyTypeMale>Male</bodyTypeMale>
		<bodyTypeFemale>Female</bodyTypeFemale>
	<slot>Childhood</slot>
<skillGains>
	<li>
		<defName>Intellectual</defName>
		<amount>-5</amount>
	</li>
</skillGains>
<forcedTraits>
	<li>
		<defName>DrugDesire</defName>
		<degree>1</degree>
		<chance>30</chance>
	</li>
	<li>
		<defName>DrugDesire</defName>
		<degree>2</degree>
		<chance>10</chance>
	</li>
</forcedTraits>
	<spawnCategories>
		<li>CarniStory</li>
		<li>CarniFeral</li>
	</spawnCategories>
</AlienRace.BackstoryDef>

<AlienRace.BackstoryDef ParentName="CarniBackStory">
	<defName>R_TestSub</defName>
	<title>reproductive system test subject</title>
	<titleShort>R-test sub</titleShort>
	<baseDescription>Scientists poked and tinkered with [PAWN_nameDef]'s reproductive organs and performed various experiments. Its purpose was to study carniculus' fertility but some scientists used [PAWN_possessive] body only for their curiosity.</baseDescription>
		<bodyTypeMale>Male</bodyTypeMale>
		<bodyTypeFemale>Female</bodyTypeFemale>
	<slot>Childhood</slot>
	<femaleCommonality>0.7</femaleCommonality>
	<maleCommonality>0.3</maleCommonality>
<skillGains>
</skillGains>
<forcedTraits>
	<li>
		<defName>Masochist</defName>
		<chance>30</chance>
	</li>
</forcedTraits>
	<spawnCategories>
		<li>CarniStory</li>
		<li>CarniFeral</li>
	</spawnCategories>
</AlienRace.BackstoryDef>

<AlienRace.BackstoryDef ParentName="CarniBackStory">
	<defName>LeftoverStock</defName>
	<title>leftover stock</title>
	<titleShort>leftover</titleShort>
	<baseDescription>[PAWN_nameDef] classed as excess product, shoved into a dark and unsanitary container with his siblings. They were supposed to be used for some kind of experiment or incinerated eventually, but before that could happen, the rebellion broke out and [PAWN_nameDef] and the others were released.</baseDescription>
		<bodyTypeMale>Male</bodyTypeMale>
		<bodyTypeFemale>Female</bodyTypeFemale>
	<slot>Childhood</slot>
<skillGains>
	<li>
		<defName>Intellectual</defName>
		<amount>-2</amount>
	</li>
</skillGains>
<forcedTraits>
	<li>
		<defName>Undergrounder</defName>
	</li>
</forcedTraits>
	<spawnCategories>
		<li>CarniStory</li>
		<li>CarniFeral</li>
	</spawnCategories>
</AlienRace.BackstoryDef>

<AlienRace.BackstoryDef ParentName="CarniBackStory">
	<defName>PlayingDead</defName>
	<title>wasted corpse</title>
	<titleShort>wasted</titleShort>
	<baseDescription>Pretending to be dead to escape the harsh experiments, [PAWN_nameDef] was sent to the disposal section by an unwary scientist. Then [PAWN_pronoun] survived hiding in a gap in the equipments nearby incineration plant, snacking on the garbage and corpses of other carniculus as they were sent in.</baseDescription>
		<bodyTypeMale>Male</bodyTypeMale>
		<bodyTypeFemale>Female</bodyTypeFemale>
	<slot>Childhood</slot>
<skillGains>
	<li>
		<defName>Intellectual</defName>
		<amount>2</amount>
	</li>
</skillGains>
<forcedTraits>
	<li>
		<defName>Ascetic</defName>
	</li>
</forcedTraits>
	<spawnCategories>
		<li>CarniStory</li>
		<li>CarniFeral</li>
	</spawnCategories>
</AlienRace.BackstoryDef>

<!-- Childhood NPC -->
<AlienRace.BackstoryDef ParentName="CarniBackStory">
	<defName>FeralChild</defName>
	<title>feral carniculus</title>
	<titleShort>feral child</titleShort>
	<baseDescription>[PAWN_nameDef] grown up like wild animal in nature, without knowing [PAWN_pronoun] origin.</baseDescription>
		<bodyTypeMale>Male</bodyTypeMale>
		<bodyTypeFemale>Female</bodyTypeFemale>
	<slot>Childhood</slot>
<skillGains>
	<li>
		<defName>Plants</defName>
		<amount>3</amount>
	</li>
	<li>
		<defName>Animals</defName>
		<amount>3</amount>
	</li>
	<li>
		<defName>Intellectual</defName>
		<amount>-3</amount>
	</li>
</skillGains>
	<workDisables>
		<li>Artistic</li>
		<li>Social</li>
	</workDisables>
	<spawnCategories>
		<li>CarniFeral</li>
	</spawnCategories>
</AlienRace.BackstoryDef>

<!-- Adulthood -->
<AlienRace.BackstoryDef ParentName="CarniBackStory">
	<defName>AlphaMale</defName>
	<title>alpha male</title>
	<titleShort>alpha</titleShort>
	<baseDescription>[PAWN_nameDef] is a male carnicles who acts like a boss monkey. [PAWN_possessive] head is full of desire to kill other males and mate with all kinds of females.</baseDescription>
		<bodyTypeMale>Male</bodyTypeMale>
		<bodyTypeFemale>Female</bodyTypeFemale>
	<slot>Adulthood</slot>
	<femaleCommonality>0</femaleCommonality>
	<maleCommonality>0.05</maleCommonality>
<skillGains>
	<li>
		<defName>Melee</defName>
		<amount>6</amount>
	</li>
	<li>
		<defName>Shooting</defName>
		<amount>3</amount>
	</li>
</skillGains>
<forcedTraits>
	<li>
		<defName>DislikesMen</defName>
	</li>
	<li>
		<defName>Rapist</defName>
	</li>
	<li>
		<defName>Bloodlust</defName>
	</li>
</forcedTraits>
<disallowedTraits>
	<li>
		<defName>Asexual</defName>
	</li>
	<li>
		<defName>Bisexual</defName>
	</li>
	<li>
		<defName>Gay</defName>
	</li>
	<li>
		<defName>DislikesWomen</defName>
	</li>
	<li>
		<defName>Wimp</defName>
	</li>
</disallowedTraits>
	<spawnCategories>
		<li>CarniStory</li>
	</spawnCategories>
</AlienRace.BackstoryDef>

<AlienRace.BackstoryDef ParentName="CarniBackStory">
	<defName>Matriarch</defName>
	<title>matriarch</title>
	<titleShort>matriarch</titleShort>
	<baseDescription>[PAWN_nameDef] is the eldest female in the group. Any male creature that catches [PAWN_possessive] eyes will be squeezed until [PAWN_pronoun] gets bored.</baseDescription>
		<bodyTypeMale>Male</bodyTypeMale>
		<bodyTypeFemale>Female</bodyTypeFemale>
	<slot>Adulthood</slot>
	<femaleCommonality>0.05</femaleCommonality>
	<maleCommonality>0</maleCommonality>
<skillGains>
	<li>
		<defName>Social</defName>
		<amount>5</amount>
	</li>
	<li>
		<defName>Animals</defName>
		<amount>3</amount>
	</li>
</skillGains>
<forcedTraits>
	<li>
		<defName>Rapist</defName>
	</li>
</forcedTraits>
<disallowedTraits>
	<li>
		<defName>Asexual</defName>
	</li>
	<li>
		<defName>Gay</defName>
	</li>
	<li>
		<defName>DislikesMen</defName>
	</li>
	<li>
		<defName>Wimp</defName>
	</li>
</disallowedTraits>
<workDisables>
	<li>Cleaning</li>
</workDisables>
	<spawnCategories>
		<li>CarniStory</li>
	</spawnCategories>
</AlienRace.BackstoryDef>

<AlienRace.BackstoryDef ParentName="CarniBackStory">
	<defName>B_TestSubM</defName>
	<title>stud carniculus</title>
	<titleShort>stud</titleShort>
	<baseDescription>[PAWN_nameDef] was used for breeding as a standard male carniculus. [PAWN_possessive] brain was chemically and surgically stimulated and trained to attempt to mate with anything moving.</baseDescription>
		<bodyTypeMale>Male</bodyTypeMale>
		<bodyTypeFemale>Female</bodyTypeFemale>
	<slot>Childhood</slot>
	<femaleCommonality>0</femaleCommonality>
	<maleCommonality>0.05</maleCommonality>
<skillGains>
</skillGains>
<forcedTraits>
	<li>
		<defName>Bisexual</defName>
	</li>
	<li>
		<defName>Nymphomaniac</defName>
	</li>
</forcedTraits>
	<spawnCategories>
		<li>CarniStory</li>
		<li>CarniFeral</li>
	</spawnCategories>
</AlienRace.BackstoryDef>

<AlienRace.BackstoryDef ParentName="CarniBackStory">
	<defName>B_TestSubF</defName>
	<title>broodcarniculus</title>
	<titleShort>broodmare</titleShort>
		<baseDescription>[PAWN_nameDef] was used for breeding as a standard female carniculus. [PAWN_possessive] body was secured in a mating stall and [PAWN_possessive] vagina was always penetrated by either a sex organ or a medical device.</baseDescription>
		<bodyTypeMale>Male</bodyTypeMale>
		<bodyTypeFemale>Female</bodyTypeFemale>
	<slot>Childhood</slot>
	<femaleCommonality>0.05</femaleCommonality>
	<maleCommonality>0</maleCommonality>
<skillGains>
</skillGains>
<forcedTraits>
	<li>
		<defName>Nymphomaniac</defName>
	</li>
	<li>
		<defName>Masochist</defName>
		<chance>30</chance>
	</li>
</forcedTraits>
	<spawnCategories>
		<li>CarniStory</li>
		<li>CarniFeral</li>
	</spawnCategories>
</AlienRace.BackstoryDef>

<AlienRace.BackstoryDef ParentName="CarniBackStory">
	<defName>Butcher</defName>
	<title>butcher</title>
	<titleShort>butcher</titleShort>
	<baseDescription>[PAWN_nameDef] loves meat.</baseDescription>
		<bodyTypeMale>Male</bodyTypeMale>
		<bodyTypeFemale>Female</bodyTypeFemale>
	<slot>Adulthood</slot>
<skillGains>
	<li>
		<defName>Cooking</defName>
		<amount>5</amount>
	</li>
	<li>
		<defName>Crafting</defName>
		<amount>3</amount>
	</li>
</skillGains>
<forcedTraits>
	<li>
		<defName>Gourmand</defName>
	</li>
	<li>
		<defName>Brawler</defName>
	</li>
</forcedTraits>
	<spawnCategories>
		<li>CarniStory</li>
		<li>CarniFeral</li>
	</spawnCategories>

</AlienRace.BackstoryDef>

<AlienRace.BackstoryDef ParentName="CarniBackStory">
	<defName>Torturer</defName>
	<title>torturer</title>
	<titleShort>torturer</titleShort>
	<baseDescription>[PAWN_nameDef] loves guts.</baseDescription>
		<bodyTypeMale>Male</bodyTypeMale>
		<bodyTypeFemale>Female</bodyTypeFemale>
	<slot>Adulthood</slot>
<skillGains>
	<li>
		<defName>Medicine</defName>
		<amount>5</amount>
	</li>
	<li>
		<defName>Intellectual</defName>
		<amount>3</amount>
	</li>
</skillGains>
<forcedTraits>
	<li>
		<defName>Psychopath</defName>
	</li>
</forcedTraits>
<disallowedTraits>
	<li>
		<defName>Kind</defName>
	</li>
</disallowedTraits>
	<workDisables>
		<li>Mining</li>
		<li>PlantWork</li>
	</workDisables>
	<spawnCategories>
		<li>CarniStory</li>
		<li>CarniFeral</li>
	</spawnCategories>
</AlienRace.BackstoryDef>

<AlienRace.BackstoryDef ParentName="CarniBackStory">
	<defName>Livestocker</defName>
	<title>animal breeder</title>
	<titleShort>breeder</titleShort>
	<baseDescription>[PAWN_nameDef] is very proud to become the one to keep other lifeform.</baseDescription>
		<bodyTypeMale>Male</bodyTypeMale>
		<bodyTypeFemale>Female</bodyTypeFemale>
	<slot>Adulthood</slot>
<skillGains>
	<li>
		<defName>Animals</defName>
		<amount>5</amount>
	</li>
</skillGains>
<forcedTraits>
	<li>
		<defName>Zoophile</defName>
	</li>
</forcedTraits>
<workDisables>
	<li>Artistic</li>
	<li>Cooking</li>
</workDisables>
<spawnCategories>
	<li>CarniStory</li>
</spawnCategories>
</AlienRace.BackstoryDef>

<AlienRace.BackstoryDef ParentName="CarniBackStory">
	<defName>Farmhand</defName>
	<title>farmhand</title>
	<titleShort>farmhand</titleShort>
	<baseDescription>[PAWN_nameDef] is fascinated by the serene organic relationship between soil and plants.</baseDescription>
		<bodyTypeMale>Male</bodyTypeMale>
		<bodyTypeFemale>Female</bodyTypeFemale>
	<slot>Adulthood</slot>
<skillGains>
	<li>
		<defName>Plants</defName>
		<amount>5</amount>
	</li>
</skillGains>
<workDisables>
	<li>Artistic</li>
</workDisables>
<spawnCategories>
	<li>CarniStory</li>
	<li>CarniFeral</li>
</spawnCategories>
</AlienRace.BackstoryDef>

<AlienRace.BackstoryDef ParentName="CarniBackStory">
	<defName>KillerT</defName>
	<title>killer T</title>
	<titleShort>killer</titleShort>
	<baseDescription>[PAWN_nameDef] is a reliable guard who has strongly inherited the propaties of immune defence cells.</baseDescription>
		<bodyTypeMale>Male</bodyTypeMale>
		<bodyTypeFemale>Female</bodyTypeFemale>
	<slot>Adulthood</slot>
<skillGains>
	<li>
		<defName>Shooting</defName>
		<amount>5</amount>
	</li>
</skillGains>
<disallowedTraits>
	<li>
		<defName>Brawler</defName>
	</li>
</disallowedTraits>
<forcedTraits>
	<li>
		<defName>Industriousness</defName>
		<degree>-2</degree>
	</li>
</forcedTraits>
<spawnCategories>
	<li>CarniStory</li>
	<li>CarniFeral</li>
</spawnCategories>
</AlienRace.BackstoryDef>

<AlienRace.BackstoryDef ParentName="CarniBackStory">
	<defName>Macrophage</defName>
	<title>macrophage</title>
	<titleShort>macrophage</titleShort>
	<baseDescription>[PAWN_nameDef] is as gluttonous and robust as a phagocyte.</baseDescription>
		<bodyTypeMale>Male</bodyTypeMale>
		<bodyTypeFemale>Female</bodyTypeFemale>
<slot>Adulthood</slot>
<skillGains>
	<li>
		<defName>Melee</defName>
		<amount>5</amount>
	</li>
</skillGains>
<forcedTraits>
	<li>
		<defName>Gourmand</defName>
	</li>
	<li>
		<defName>Tough</defName>
	</li>
	<li>
		<defName>Brawler</defName>
	</li>
</forcedTraits>
<spawnCategories>
	<li>CarniStory</li>
	<li>CarniFeral</li>
</spawnCategories>
</AlienRace.BackstoryDef>

<AlienRace.BackstoryDef ParentName="CarniBackStory">
	<defName>Constructor</defName>
	<title>constructor</title>
	<titleShort>constructor</titleShort>
	<baseDescription>[PAWN_nameDef] has a certain admiration for hard, inorganic materials.</baseDescription>
		<bodyTypeMale>Male</bodyTypeMale>
		<bodyTypeFemale>Female</bodyTypeFemale>
	<slot>Adulthood</slot>
<skillGains>
	<li>
		<defName>Construction</defName>
		<amount>4</amount>
	</li>
	<li>
		<defName>Mining</defName>
		<amount>4</amount>
	</li>
</skillGains>
<spawnCategories>
	<li>CarniStory</li>
</spawnCategories>
</AlienRace.BackstoryDef>

<AlienRace.BackstoryDef ParentName="CarniBackStory">
	<defName>FleshTailor</defName>
	<title>fleshtailor</title>
	<titleShort>tailor</titleShort>
	<baseDescription>[PAWN_nameDef] is obsessed with crafts and clothing culture and is always pondering what he can create with his tentacle-like fingers.</baseDescription>
		<bodyTypeMale>Male</bodyTypeMale>
		<bodyTypeFemale>Female</bodyTypeFemale>
	<slot>Adulthood</slot>
<skillGains>
	<li>
		<defName>Crafting</defName>
		<amount>5</amount>
	</li>
	<li>
		<defName>Artistic</defName>
		<amount>3</amount>
	</li>
	<li>
		<defName>Intellectual</defName>
		<amount>1</amount>
	</li>
</skillGains>
<workDisables>
	<li>PlantWork</li>
</workDisables>
<spawnCategories>
	<li>CarniStory</li>
	<li>CarniFeral</li>
</spawnCategories>
</AlienRace.BackstoryDef>

<!-- NPC　Adulthood -->
<AlienRace.BackstoryDef ParentName="CarniBackStory">
	<defName>RabidCarni</defName>
	<title>rabid carniculus</title>
	<titleShort>rabid</titleShort>
	<baseDescription>From previous experiences, [PAWN_nameDef] views all humans as enemies.</baseDescription>
		<bodyTypeMale>Male</bodyTypeMale>
		<bodyTypeFemale>Female</bodyTypeFemale>
	<slot>Adulthood</slot>
<skillGains>
	<li>
		<defName>Melee</defName>
		<amount>6</amount>
	</li>
	<li>
		<defName>Shooting</defName>
		<amount>3</amount>
	</li>
</skillGains>
<forcedTraits>
	<li>
		<defName>Xenophobia</defName>
		<degree>1</degree>
	</li>
	<li>
		<defName>Rapist</defName>
		<chance>30</chance>
	</li>
	<li>
		<defName>Bloodlust</defName>
		<chance>30</chance>
	</li>
</forcedTraits>
<spawnCategories>
	<li>CarniFeral</li>
</spawnCategories>
</AlienRace.BackstoryDef>

<AlienRace.BackstoryDef ParentName="CarniBackStory">
	<defName>CattleFucker</defName>
	<title>cattle fucker</title>
	<titleShort>cattle fucker</titleShort>
		<baseDescription>A colony was having problems with livestock having unnatural pregnancies and giving birth to eerily deformed babies. Investigation revealed that it was caused by [PAWN_nameDef] living nearby, and [PAWN_pronoun] was hunted and had to abandon [PAWN_possessive] home.</baseDescription>
		<bodyTypeMale>Male</bodyTypeMale>
		<bodyTypeFemale>Female</bodyTypeFemale>
	<femaleCommonality>0</femaleCommonality>
	<maleCommonality>1</maleCommonality>
	<slot>Adulthood</slot>
<skillGains>
	<li>
		<defName>Animals</defName>
		<amount>3</amount>
	</li>
</skillGains>
<forcedTraits>
	<li>
		<defName>Zoophile</defName>
	</li>
	<li>
		<defName>Tough</defName>
	</li>
</forcedTraits>
<workDisables>
	<li>Artistic</li>
	<li>Cooking</li>
</workDisables>
<spawnCategories>
	<li>CarniStory</li>
</spawnCategories>
</AlienRace.BackstoryDef>

<AlienRace.BackstoryDef ParentName="CarniBackStory">
	<defName>CattleKiller</defName>
	<title>cattle killer</title>
	<titleShort>cattle killer</titleShort>
		<baseDescription>[PAWN_nameDef] was feared in neighboring colonies as a carnivorous monster that devours livestocks. After escaping from hunters, [PAWN_pronoun] is looking for a new feeding ground.</baseDescription>
		<bodyTypeMale>Male</bodyTypeMale>
		<bodyTypeFemale>Female</bodyTypeFemale>
	<slot>Adulthood</slot>
<skillGains>
	<li>
		<defName>Melee</defName>
		<amount>3</amount>
	</li>
	<li>
		<defName>Animals</defName>
		<amount>2</amount>
	</li>
</skillGains>
<forcedTraits>
	<li>
		<defName>Xenophobia</defName>
		<degree>1</degree>
	</li>
</forcedTraits>
<spawnCategories>
	<li>CarniFeral</li>
</spawnCategories>
</AlienRace.BackstoryDef>

<AlienRace.BackstoryDef ParentName="CarniBackStory">
	<defName>Kidnapper</defName>
	<title>kidnapper</title>
	<titleShort>kidnapper</titleShort>
		<baseDescription>To distract from loneliness, [PAWN_nameDef] would often kidnap human children to the cave where [PAWN_pronoun] lived. No one knew what went on in the cave, but the children never returned home, only [PAWN_nameDef] would come out for new kid.</baseDescription>
		<bodyTypeMale>Male</bodyTypeMale>
		<bodyTypeFemale>Female</bodyTypeFemale>
	<slot>Adulthood</slot>
<skillGains>
	<li>
		<defName>Mining</defName>
		<amount>3</amount>
	</li>
	<li>
		<defName>Medicine</defName>
		<amount>3</amount>
	</li>
</skillGains>
<forcedTraits>
	<li>
		<defName>Rapist</defName>
	</li>
	<li>
		<defName>Xenophobia</defName>
		<degree>-1</degree>
	</li>
</forcedTraits>
<spawnCategories>
	<li>CarniFeral</li>
</spawnCategories>
</AlienRace.BackstoryDef>

</Defs>