<?xml version="1.0" encoding="utf-8"?>
<Defs>

  <TraderKindDef>
    <defName>Caravan_Carni_Slave</defName>
    <label>slave trader</label>
    <stockGenerators>

    <!-- Resources -->
      <li Class="StockGenerator_SingleDef">
        <thingDef>Silver</thingDef>
        <countRange>2000~4000</countRange>
      </li>
      <li Class="StockGenerator_SingleDef">
        <thingDef>ComponentIndustrial</thingDef>
        <countRange>5~20</countRange>
      </li>
      <li Class="StockGenerator_SingleDef">
        <thingDef>ComponentSpacer</thingDef>
        <countRange>5</countRange>
      </li>
      <li Class="StockGenerator_SingleDef">
        <thingDef>MedicineUltratech</thingDef>
        <countRange>10~50</countRange>
      </li>

      <!-- Drugs -->
      <li Class="StockGenerator_Category">
        <categoryDef>Drugs</categoryDef>
      </li>

      <!-- Bodyparts -->
      <li Class="StockGenerator_Category">
        <categoryDef>BodyPartsNatural</categoryDef>
        <thingDefCountRange>3~5</thingDefCountRange>
        <totalPriceRange>100~2000</totalPriceRange>
      </li>

      <!-- Weapons -->
      <li Class="StockGenerator_Tag">
        <tradeTag>PsychicWeapon</tradeTag>
        <thingDefCountRange>1~2</thingDefCountRange>
        <countRange>1~1</countRange>
      </li>

      <!-- Apparel -->
      <li Class="StockGenerator_Tag">
        <tradeTag>HiTechArmor</tradeTag>
        <thingDefCountRange>2~4</thingDefCountRange>
        <countRange>1~2</countRange>
      </li>

      <!-- Implants -->
      <li Class="StockGenerator_Tag">
        <tradeTag>ImplantEmpireCommon</tradeTag>
        <thingDefCountRange>5~10</thingDefCountRange>
        <countRange>1~5</countRange>
      </li>
      <li Class="StockGenerator_Tag">
        <tradeTag>ImplantEmpireRoyal</tradeTag>
        <thingDefCountRange>5~10</thingDefCountRange>
        <countRange>1~5</countRange>
      </li>

      <!-- Slaves -->
      <li Class="StockGenerator_Slaves">
        <countRange>5~7</countRange>
      </li>

      <!-- Animals -->
      <li Class="StockGenerator_Animals">
        <maxWildness>0.70</maxWildness>
        <tradeTagsSell>
          <li>Animal_Carni</li>
        </tradeTagsSell>
        <tradeTagsBuy>
          <li>AnimalExotic</li>
          <li>AnimalFarm</li>
          <li>AnimalPet</li>
        </tradeTagsBuy>
        <kindCountRange>1~2</kindCountRange>
        <countRange>3~4</countRange>
      </li>

      <!-- Buying -->
      <li Class="StockGenerator_BuyExpensiveSimple" />
      <li Class="StockGenerator_BuyTradeTag"><tag>Art</tag></li>
      <li Class="StockGenerator_BuyTradeTag"><tag>MusicalInstrument</tag></li>
      <li Class="StockGenerator_BuyTradeTag"><tag>PsylinkNeuroformer</tag></li>

    </stockGenerators>
  </TraderKindDef>

  <TraderKindDef>
    <defName>Caravan_Carni_Bio</defName>
    <label>biotech trader</label>
    <stockGenerators>

    <!-- Resources -->
      <li Class="StockGenerator_SingleDef">
        <thingDef>Silver</thingDef>
        <countRange>2000~4000</countRange>
      </li>
      <li Class="StockGenerator_SingleDef">
        <thingDef>ComponentIndustrial</thingDef>
        <countRange>5~20</countRange>
      </li>
      <li Class="StockGenerator_SingleDef">
        <thingDef>ComponentSpacer</thingDef>
        <countRange>5</countRange>
      </li>
      <li Class="StockGenerator_SingleDef">
        <thingDef>MedicineUltratech</thingDef>
        <countRange>10~50</countRange>
      </li>

      <!-- Drugs -->
      <li Class="StockGenerator_Category">
        <categoryDef>Drugs</categoryDef>
      </li>

      <!-- Bodyparts -->
      <li Class="StockGenerator_Category">
        <categoryDef>BodyPartsNatural</categoryDef>
        <thingDefCountRange>3~5</thingDefCountRange>
        <totalPriceRange>100~2000</totalPriceRange>
      </li>

      <!-- Implants -->
      <li Class="StockGenerator_Tag">
        <tradeTag>ImplantEmpireCommon</tradeTag>
        <thingDefCountRange>5~10</thingDefCountRange>
        <countRange>1~5</countRange>
      </li>
      <li Class="StockGenerator_Tag">
        <tradeTag>ImplantEmpireRoyal</tradeTag>
        <thingDefCountRange>5~10</thingDefCountRange>
        <countRange>1~5</countRange>
      </li>

	<!-- Slaves -->
      <li Class="StockGenerator_Slaves">
        <countRange>1~2</countRange>
      </li>

      <!-- Buying -->
      <li Class="StockGenerator_BuyExpensiveSimple" />
      <li Class="StockGenerator_BuyTradeTag"><tag>Art</tag></li>
      <li Class="StockGenerator_BuyTradeTag"><tag>MusicalInstrument</tag></li>
      <li Class="StockGenerator_BuyTradeTag"><tag>PsylinkNeuroformer</tag></li>

    </stockGenerators>
  </TraderKindDef>

<TraderKindDef>
    <defName>Orbital_Carni</defName>
    <label>carniculus' trader ship</label>
    <orbital>true</orbital>
    <stockGenerators>

    <!-- Resources -->
      <li Class="StockGenerator_SingleDef">
        <thingDef>Silver</thingDef>
        <countRange>2000~4000</countRange>
      </li>
      <li Class="StockGenerator_Category">
        <categoryDef>ResourcesRaw</categoryDef>
        <thingDefCountRange>0~1</thingDefCountRange>
      </li>
      <li Class="StockGenerator_SingleDef">
        <thingDef>ComponentIndustrial</thingDef>
        <countRange>5~10</countRange>
      </li>
      <li Class="StockGenerator_SingleDef">
        <thingDef>ComponentSpacer</thingDef>
        <countRange>1~5</countRange>
      </li>
      <li Class="StockGenerator_SingleDef">
        <thingDef>MedicineUltratech</thingDef>
        <countRange>10~50</countRange>
      </li>
      <li Class="StockGenerator_ReinforcedBarrels">
        <countRange>1~4</countRange>
      </li>
      <li Class="StockGenerator_Tag">
        <tradeTag>MortarShell</tradeTag>
        <thingDefCountRange>1~2</thingDefCountRange>
        <countRange>20~40</countRange>
      </li>

      <!-- Drugs -->
      <li Class="StockGenerator_Category">
        <categoryDef>Drugs</categoryDef>
      </li>

      <!-- Bodyparts -->
      <li Class="StockGenerator_Category">
        <categoryDef>BodyPartsNatural</categoryDef>
        <thingDefCountRange>1~2</thingDefCountRange>
        <totalPriceRange>100~2000</totalPriceRange>
      </li>

      <!-- Techprints -->
      <li Class="StockGenerator_Techprints">
        <countChances>
          <li>
            <count>1</count>
            <chance>1</chance>
          </li>
        </countChances>
      </li>

      <!-- Weapons -->
      <li Class="StockGenerator_Tag">
        <tradeTag>PsychicWeapon</tradeTag>
        <thingDefCountRange>1~2</thingDefCountRange>
        <countRange>1~1</countRange>
      </li>

      <!-- Apparel -->
      <li Class="StockGenerator_Tag">
        <tradeTag>HiTechArmor</tradeTag>
        <thingDefCountRange>2~4</thingDefCountRange>
        <countRange>1~2</countRange>
      </li>

      <!-- Implants -->
      <li Class="StockGenerator_Tag">
        <tradeTag>ImplantEmpireCommon</tradeTag>
        <thingDefCountRange>5~10</thingDefCountRange>
        <countRange>1~5</countRange>
      </li>
      <li Class="StockGenerator_Tag">
        <tradeTag>ImplantEmpireRoyal</tradeTag>
        <thingDefCountRange>5~10</thingDefCountRange>
        <countRange>1~5</countRange>
      </li>

      <!-- Slaves -->
      <li Class="StockGenerator_Slaves">
        <countRange>3~7</countRange>
      </li>

      <!-- Animals -->
      <li Class="StockGenerator_Animals">
        <maxWildness>0.70</maxWildness>
        <tradeTagsSell>
          <li>Animal_Carni</li>
        </tradeTagsSell>
        <tradeTagsBuy>
          <li>AnimalExotic</li>
          <li>AnimalFarm</li>
          <li>AnimalPet</li>
        </tradeTagsBuy>
        <kindCountRange>1~2</kindCountRange>
        <countRange>3~4</countRange>
      </li>

      <!-- Buying -->
      <li Class="StockGenerator_BuyExpensiveSimple" />
      <li Class="StockGenerator_BuyTradeTag"><tag>Art</tag></li>
      <li Class="StockGenerator_BuyTradeTag"><tag>MusicalInstrument</tag></li>
      <li Class="StockGenerator_BuyTradeTag"><tag>PsylinkNeuroformer</tag></li>

    </stockGenerators>
  </TraderKindDef>

</Defs>