<?xml version="1.0" encoding="utf-8" ?>
<Defs>

<CultureDef>
	<defName>CarniCultures</defName>
	<label>carniculus' culture</label>
	<description>carniculus' culture</description>
<ideoNameMaker MayRequire="Ludeon.RimWorld.Ideology">NamerIdeoRustican</ideoNameMaker>
<deityNameMaker MayRequire="Ludeon.RimWorld.Ideology">NamerDeityRustican</deityNameMaker>
<deityTypeMaker MayRequire="Ludeon.RimWorld.Ideology">DeityTypeMakerRustican</deityTypeMaker>
<leaderTitleMaker MayRequire="Ludeon.RimWorld.Ideology">LeaderTitleMaker_Rustican</leaderTitleMaker>
<festivalNameMaker MayRequire="Ludeon.RimWorld.Ideology">NamerFestivalRustican</festivalNameMaker>
	<allowedPlaceTags>
		<li>OriginSpacer</li>
	</allowedPlaceTags>
	<iconPath>WorldIcon/Carnicolonylarge</iconPath>
	<iconColor>(0.8, 0.5, 0.5)</iconColor>

	<thingStyleCategories>
		<li MayRequire="sarg.alphaanimals">
			<category>AA_Ocular</category>
			<priority>2</priority>
		</li>
		<li MayRequire="Ludeon.RimWorld.Ideology">
			<category>Spikecore</category>
			<priority>3</priority>
		</li>
		<li MayRequire="Ludeon.RimWorld.Ideology">
			<category>Morbid</category>
			<priority>4</priority>
		</li>
	</thingStyleCategories>

<styleItemTags>
	<li>
		<tag>Carni_Hair</tag>
			<baseWeight>1</baseWeight>
			<weightFactor>1</weightFactor>
	</li>
	<li>
		<tag>NoBeard</tag>
		<baseWeight>1</baseWeight>
			<weightFactor>1</weightFactor>
	</li>
	<li>
		<tag>NoTattoo</tag>
		<baseWeight>1</baseWeight>
			<weightFactor>1</weightFactor>
	</li>
</styleItemTags>
</CultureDef>

</Defs>