<?xml version="1.0" encoding="utf-8" ?>
<Defs>
<FactionDef Parent="FactionBase"><!-- NPC派閥 -->
	<defName>CarniNPCFaction</defName>
	<label>neoplastic colony</label>
	<description>An another neoplasm on the planet.</description>
	<pawnSingular>colonist</pawnSingular>
	<pawnsPlural>colonists</pawnsPlural>
	<leaderTitle>alpha</leaderTitle>
	<humanlikeFaction>true</humanlikeFaction>
	<permanentEnemy>false</permanentEnemy>
	<naturalEnemy>true</naturalEnemy>
	<requiredCountAtGameStart>1</requiredCountAtGameStart>
	<settlementGenerationWeight>1</settlementGenerationWeight>
	<factionNameMaker>NamerFactionOutlander</factionNameMaker>
	<settlementNameMaker>NamerSettlementOutlander</settlementNameMaker>
	<canMakeRandomly>true</canMakeRandomly>
	<canSiege>true</canSiege>
	<canStageAttacks>true</canStageAttacks>
	<factionIconPath>WorldIcon/Carnicolony</factionIconPath>
	<requiredMemes>
		<li MayRequire="rjw.sexperience.ideology">Rapist</li>
	</requiredMemes>
	<allowedMemes>
		<li MayRequire="Ludeon.RimWorld.Ideology">Transhumanist</li>
		<li MayRequire="Ludeon.RimWorld.Ideology">Cannibal</li>
		<li MayRequire="sarg.alphaanimals">AA_BiologicalCorruptors</li>
		<li MayRequire="rjw.sexperience.ideology">Zoophile</li>
		<li MayRequire="rjw.sexperience.ideology">Lewd</li>
	</allowedMemes>
	<disallowedPrecepts>
		<li MayRequire="Ludeon.RimWorld.Ideology">Slavery_Abhorrent</li>
		<li MayRequire="Ludeon.RimWorld.Ideology">Slavery_Horrible</li>
		<li MayRequire="Ludeon.RimWorld.Ideology">Slavery_Disapproved</li>
		<li MayRequire="Ludeon.RimWorld.Ideology">Cannibalism_Abhorrent</li>
		<li MayRequire="Ludeon.RimWorld.Ideology">Cannibalism_Horrible</li>
		<li MayRequire="Ludeon.RimWorld.Ideology">Cannibalism_Disapproved</li>
		<li MayRequire="Ludeon.RimWorld.Ideology">DrugUse_Prohibited</li>
		<li MayRequire="Ludeon.RimWorld.Ideology">DrugUse_MedicalOnly</li>
		<li MayRequire="Ludeon.RimWorld.Ideology">Execution_Abhorrent</li>
		<li MayRequire="Ludeon.RimWorld.Ideology">Execution_Horrible</li>
		<li MayRequire="Ludeon.RimWorld.Ideology">Execution_HorribleIfInnocent</li>
		<li MayRequire="Ludeon.RimWorld.Ideology">Lovin_Prohibited</li>
		<li MayRequire="Ludeon.RimWorld.Ideology">Lovin_Horrible</li>
		<li MayRequire="Ludeon.RimWorld.Ideology">Lovin_SpouseOnly_Strict</li>
		<li MayRequire="Ludeon.RimWorld.Ideology">Lovin_SpouseOnly_Moderate</li>
		<li MayRequire="Ludeon.RimWorld.Ideology">Lovin_SpouseOnly_Mild</li>
		<li MayRequire="rjw.sexperience.ideology">Rape_Abhorrent</li>
		<li MayRequire="rjw.sexperience.ideology">Rape_Horrible</li>
		<li MayRequire="rjw.sexperience.ideology">Rape_Disapproved</li>
		<li MayRequire="rjw.sexperience.ideology">Incestuos_Forbidden</li>
		<li MayRequire="rjw.sexperience.ideology">Incestuos_Disapproved</li>
		<li MayRequire="rjw.sexperience.ideology">Incestuos_Disapproved_CloseOnly</li>
		<li MayRequire="rjw.sexperience.ideology">Bestiality_Abhorrent</li>
		<li MayRequire="rjw.sexperience.ideology">Bestiality_Horrible</li>
		<li MayRequire="rjw.sexperience.ideology">Bestiality_Disapproved</li>
		<li MayRequire="rjw.sexperience.ideology">Necrophilia_Abhorrent</li>
		<li MayRequire="rjw.sexperience.ideology">Necrophilia_Horrible</li>
		<li MayRequire="rjw.sexperience.ideology">Necrophilia_Disapproved</li>
		<li MayRequire="rjw.sexperience.ideology">Masturbation_Disapproved</li>
		<li MayRequire="rim.job.world.pe">Marriage_Child_Abhorrent</li>
		<li MayRequire="rim.job.world.pe">Marriage_Child_Prohibited</li>
		<li MayRequire="rim.job.world.pe">Marriage_Child_Disapproved</li>
	</disallowedPrecepts>
	<structureMemeWeights>
		<Structure_Archist MayRequire="Ludeon.RimWorld.Ideology">1</Structure_Archist>
		<AA_Structure_Alienism MayRequire="sarg.alphaanimals">1</AA_Structure_Alienism>
	</structureMemeWeights>
   <techLevel>Spacer</techLevel>
	<allowedCultures>
		<li>CarniCultures</li>
	</allowedCultures>
	<backstoryCategories>
		<li>CarniFeral</li>
		<li>CarniMama</li>
	</backstoryCategories>
	<caravanTraderKinds>
		<li>Caravan_Outlander_PirateMerchant</li>
		<li>Caravan_Carni_Slave</li>
		<li>Caravan_Carni_Bio</li>
	</caravanTraderKinds>
	<visitorTraderKinds>
		<li>Visitor_Outlander_Standard</li>
	</visitorTraderKinds>
	<baseTraderKinds>
		<li>Base_Outlander_Standard</li>
	</baseTraderKinds>

	<allowedArrivalTemperatureRange>-30~50</allowedArrivalTemperatureRange>
	<maxPawnCostPerTotalPointsCurve>
		<points>
			<li>(0,35)</li>
			<li>(70, 500)</li>
			<li>(800, 1000)</li>
			<li>(1300, 1500)</li>
			<li>(100000, 100000)</li>
		</points>
	</maxPawnCostPerTotalPointsCurve>
	<raidLootMaker>PirateRaidLootMaker</raidLootMaker>
<pawnGroupMakers>
	<li>
		<kindDef>Combat</kindDef>
		<options>
			<Carni_Worker>20</Carni_Worker>
			<Carni_Miner>10</Carni_Miner>
			<Carni_Butcher>10</Carni_Butcher>
			<Carni_Boss>10</Carni_Boss>
			<SlaveMama>10</SlaveMama>
			<BossMama>1</BossMama>
		</options>
	</li>
	<li>
		<kindDef>Trader</kindDef>
		<traders>
			<Carni_Boss>1</Carni_Boss>
		</traders>
		<carriers>
			<Carnigigas>6</Carnigigas>
		</carriers>
		<guards>
			<Carni_Worker>20</Carni_Worker>
			<Carni_Butcher>10</Carni_Butcher>
			<SlaveMama>1</SlaveMama>
		</guards>
	</li>
	<li>
		<kindDef>Settlement</kindDef>
		<commonality>30</commonality>
		<options>
			<Carni_Boss>5</Carni_Boss>
			<BossMama>1</BossMama>
			<Carni_Worker>50</Carni_Worker>
			<SlaveMama>10</SlaveMama>
		</options>
	</li>
	<li>
		<kindDef>Settlement</kindDef>
		<commonality>30</commonality>
		<options>
			<Carni_Boss>1</Carni_Boss>
			<BossMama>1</BossMama>
			<SlaveMama>20</SlaveMama>
		</options>
	</li>
	<li>
		<kindDef>Settlement</kindDef>
		<commonality>30</commonality>
		<options>
			<BossMama>1</BossMama>
			<CarniSlave>20</CarniSlave>
		</options>
	</li>
	<li>
		<kindDef>Settlement</kindDef>
		<commonality>30</commonality>
		<options>
			<Carni_Boss>1</Carni_Boss>
			<BossMama>1</BossMama>
		</options>
	</li>
	<li>
		<kindDef>Peaceful</kindDef>
		<commonality>20</commonality>
		<options>
			<Carni_Boss>1</Carni_Boss>
			<BossMama>1</BossMama>
			<Carni_Worker>50</Carni_Worker>
		</options>
	</li>
	<li>
		<kindDef>Peaceful</kindDef>
		<commonality>20</commonality>
		<options>
			<BossMama>1</BossMama>
			<CarniSlave>20</CarniSlave>
		</options>
	</li>

<li MayRequire="Ludeon.RimWorld.Ideology">
	<kindDef>Miners</kindDef>
	<commonality>1</commonality>
		<options>
			<Carni_Miner>20</Carni_Miner>
			<Carni_Worker>5</Carni_Worker>
			<SlaveMama>1</SlaveMama>
		</options>
</li>
<li MayRequire="Ludeon.RimWorld.Ideology">
	<kindDef>Hunters</kindDef>
	<commonality>1</commonality>
		<options>
			<Carni_Butcher>20</Carni_Butcher>
			<Carni_Worker>5</Carni_Worker>
			<SlaveMama>5</SlaveMama>
		</options>
</li>
<li MayRequire="Ludeon.RimWorld.Ideology">
	<kindDef>Loggers</kindDef>
	<commonality>1</commonality>
		<options>
			<Carni_Logger>20</Carni_Logger>
			<Carni_Worker>5</Carni_Worker>
			<SlaveMama>5</SlaveMama>
		</options>
</li>
<li MayRequire="Ludeon.RimWorld.Ideology">
	<kindDef>Farmers</kindDef>
	<commonality>1</commonality>
		<options>
			<Carni_Logger>20</Carni_Logger>
			<Carni_Worker>5</Carni_Worker>
			<SlaveMama>1</SlaveMama>
		</options>
</li>

</pawnGroupMakers>
	<settlementTexturePath>WorldIcon/Carnicolony</settlementTexturePath>
<colorSpectrum>
	<li>(220,140,150)</li>
	<li>(225,187,161)</li>
</colorSpectrum>
<apparelStuffFilter>
	<stuffCategoriesToAllow>
		<li>Fabric</li>
		<li>Leathery</li>
		<li>Woody</li>
		<li>Metallic</li>
	</stuffCategoriesToAllow>
</apparelStuffFilter>
	<maxConfigurableAtWorldCreation>9999</maxConfigurableAtWorldCreation>
	<configurationListOrderPriority>90</configurationListOrderPriority>
	<raidLootValueFromPointsCurve>
		<points>
			<li>(35,     8)</li>
			<li>(100,   60)</li>
			<li>(1000, 250)</li>
			<li>(2000, 400)</li>
			<li>(4000, 500)</li>
		</points>
	</raidLootValueFromPointsCurve>

</FactionDef>
</Defs>