<?xml version="1.0" encoding="utf-8" ?>
<Defs>


<!-- プレイヤー派閥 -->
<FactionDef Parent="FactionBase">
	<defName>CarniPlayerFaction</defName>
	<label>carniculus' colony</label>
		<description>A small colony.</description>
	<basicMemberKind>CarniColonist</basicMemberKind>
	<pawnSingular>colonist</pawnSingular>
	<pawnsPlural>colonists</pawnsPlural>
	<isPlayer>true</isPlayer>
	<factionNameMaker>NamerFactionOutlander</factionNameMaker>
	<settlementNameMaker>NamerSettlementOutlander</settlementNameMaker>
	<playerInitialSettlementNameMaker>NamerInitialSettlementColony</playerInitialSettlementNameMaker>
	<techLevel>Industrial</techLevel>
	<startingResearchTags>
		<li>ClassicStart</li>
	</startingResearchTags>
	<allowedCultures><li>CarniCultures</li></allowedCultures>
	<structureMemeWeights>
		<Structure_Archist MayRequire="Ludeon.RimWorld.Ideology">1</Structure_Archist>
		<AA_Structure_Alienism MayRequire="sarg.alphaanimals">1</AA_Structure_Alienism>
	</structureMemeWeights>

	<backstoryCategories>
		<li>CarniStory</li>
		<li>CarniMama</li>
	</backstoryCategories>
	<raidLootValueFromPointsCurve>
		<points>
			<li>(35,     15)</li>
			<li>(100,   120)</li>
			<li>(1000,  500)</li>
			<li>(2000,  800)</li>
			<li>(4000, 1000)</li>
		</points>
	</raidLootValueFromPointsCurve>
	<settlementTexturePath>WorldIcon/Carnicolonylarge</settlementTexturePath>
	<factionIconPath>WorldIcon/Carnicolony</factionIconPath>
	<colorSpectrum><li>(255,255,255)</li></colorSpectrum>
</FactionDef>
</Defs>