<?xml version="1.0" encoding="utf-8" ?>
<Defs>

<ThingCategoryDef>
	<defName>CarniApparel</defName>
	<label>carniculus' apparel</label>
	<parent>Apparel</parent>
</ThingCategoryDef>

<ThingDef><!-- 独自未完成品 -->
	<defName>UnfinishedCarniApparel</defName>
	<thingClass>UnfinishedThing</thingClass>
	<category>Item</category>
	<label>unfinished thing</label>
	<graphicData>
		<texPath>Things/Pawn/Carni/Heads/Baby_east</texPath>
		<graphicClass>Graphic_Single</graphicClass>
	</graphicData>
	<altitudeLayer>Item</altitudeLayer>
	<useHitPoints>true</useHitPoints>
	<isUnfinishedThing>true</isUnfinishedThing>
	<scatterableOnMapGen>false</scatterableOnMapGen>
	<selectable>true</selectable>
	<tradeability>None</tradeability>
	<drawerType>MapMeshOnly</drawerType>
	<statBases>
		<MaxHitPoints>50</MaxHitPoints>
		<DeteriorationRate>2.0</DeteriorationRate>
		<Beauty>-8</Beauty>
		<Mass>1</Mass>
	</statBases>
	<comps>
		<li Class="CompProperties_Forbiddable"/>
		<li Class="CompProperties_Styleable"/>
	</comps>
	<alwaysHaulable>true</alwaysHaulable>
	<rotatable>false</rotatable>
	<pathCost>14</pathCost>
	<thingCategories>
		<li>Unfinished</li>
	</thingCategories>
	<colorGenerator Class="ColorGenerator_Options">
		<options>
			<li>
				<weight>10</weight>
				<only>RGBA(0.8, 0.36, 0.36,1)</only>
			</li>
		</options>
	</colorGenerator>
</ThingDef>

<ThingDef Name="CarniApparelBase" Abstract="True">	
	<thingClass>Apparel</thingClass>
	<category>Item</category>
	<selectable>True</selectable>
	<pathCost>10</pathCost>
	<useHitPoints>True</useHitPoints>
	<techLevel>Medieval</techLevel>
	<drawGUIOverlay>true</drawGUIOverlay>
	<statBases>
		<MaxHitPoints>100</MaxHitPoints>
		<Flammability>1.0</Flammability>
		<DeteriorationRate>2</DeteriorationRate>
		<Beauty>-2</Beauty>
	</statBases>
	<altitudeLayer>Item</altitudeLayer>
	<alwaysHaulable>True</alwaysHaulable>
	<tickerType>Never</tickerType>
		<comps>
			<li Class="CompProperties_Forbiddable" />
			<li>
				<compClass>CompColorable</compClass>
			</li>
			<li>
				<compClass>CompQuality</compClass>
			</li>
		</comps>
	</ThingDef>

<ThingDef Name="CarniApparelMakeableBase" ParentName="CarniApparelBase" Abstract="True">
	<recipeMaker>
		<workSpeedStat>GeneralLaborSpeed</workSpeedStat>
		<workSkill>Crafting</workSkill>
		<effectWorking>Tailor</effectWorking>
		<soundWorking>Recipe_Tailor</soundWorking>
		<recipeUsers>
			<li>HandTailoringBench</li>
			<li>ElectricTailoringBench</li>
		</recipeUsers>
	</recipeMaker>
	<apparel>
		<tags>
			<li>CarniApparel</li>
		</tags>
	</apparel>
	<thingCategories>
		<li>CarniApparel</li>
	</thingCategories>
	<tradeability>Sellable</tradeability>
</ThingDef>

<ThingDef ParentName="CarniApparelMakeableBase"><!-- レザーエプロン -->
	<defName>Apparel_CarniApron</defName>
		<label>leather apron</label>
		<description>apron perfect for cooking and forge work.</description>
		<techLevel>Medieval</techLevel>

	<recipeMaker>
		<unfinishedThingDef>UnfinishedApparel</unfinishedThingDef>
	</recipeMaker>

	<graphicData>
		<texPath>Things/Apparel/Apron/Apron</texPath>
		<graphicClass>Graphic_Single</graphicClass>
		<shaderType>CutoutComplex</shaderType>
	</graphicData>

	<statBases>
		<WorkToMake>5000</WorkToMake>
		<MaxHitPoints>200</MaxHitPoints>
		<Mass>2</Mass>
		<StuffEffectMultiplierArmor>0.3</StuffEffectMultiplierArmor>
		<StuffEffectMultiplierInsulation_Cold>0.2</StuffEffectMultiplierInsulation_Cold>
		<StuffEffectMultiplierInsulation_Heat>0.2</StuffEffectMultiplierInsulation_Heat>
		<EquipDelay>1.0</EquipDelay>
	</statBases>

	<stuffCategories>
		<li>Leathery</li>
	</stuffCategories>
	<costStuffCount>55</costStuffCount>

	<equippedStatOffsets>
		<WorkSpeedGlobal>0.05</WorkSpeedGlobal>
		<GeneralLaborSpeed>0.05</GeneralLaborSpeed>
		<FoodPoisonChance>-0.25</FoodPoisonChance>
		<MedicalTendQuality>0.05</MedicalTendQuality>
	</equippedStatOffsets>

	<apparel>
		<bodyPartGroups>
			<li>Torso</li>
			<li>Legs</li>
			<li>ChestBPG</li>
			<li>GenitalsBPG</li>
		</bodyPartGroups>
		<layers>
			<li>Shell</li>
		</layers>
		<wornGraphicPath>Things/Apparel/Apron/Apron</wornGraphicPath>
		<useWornGraphicMask>true</useWornGraphicMask>
	</apparel>

	<colorGenerator Class="ColorGenerator_Options">
		<options>
			<li>
				<weight>10</weight>
				<only>RGBA(0.4,0.3,0.1,1)</only>
			</li>
		</options>
	</colorGenerator>
</ThingDef>

<ThingDef ParentName="CarniApparelMakeableBase"><!-- グローブ -->
	<defName>Apparel_CarniGloves</defName>
		<label>gloves</label>
		<description>long gloves that covers sticky arms up to the elbow.</description>

	<recipeMaker>
		<unfinishedThingDef>UnfinishedApparel</unfinishedThingDef>
	</recipeMaker>

	<graphicData>
		<texPath>Things/Apparel/Gloves</texPath>
		<graphicClass>Graphic_Single</graphicClass>
	</graphicData>

	<statBases>
		<WorkToMake>3000</WorkToMake>
		<MaxHitPoints>200</MaxHitPoints>
		<Mass>0.5</Mass>
		<ArmorRating_Blunt>0.4</ArmorRating_Blunt>
		<ArmorRating_Sharp>0.4</ArmorRating_Sharp>
		<StuffEffectMultiplierInsulation_Cold>0.2</StuffEffectMultiplierInsulation_Cold>
		<StuffEffectMultiplierInsulation_Heat>0.2</StuffEffectMultiplierInsulation_Heat>
		<EquipDelay>1</EquipDelay>
	</statBases>

	<stuffCategories>
		<li>Fabric</li>
		<li>Leathery</li>
	</stuffCategories>
	<costStuffCount>45</costStuffCount>

	<equippedStatOffsets>
		<WorkSpeedGlobal>0.05</WorkSpeedGlobal>
		<GeneralLaborSpeed>0.05</GeneralLaborSpeed>
	</equippedStatOffsets>

	<apparel>
		<bodyPartGroups>
			<li>Arms</li>
			<li>Hands</li>
		</bodyPartGroups>
		<layers>
			<li>Middle</li>
		</layers>
	</apparel>
</ThingDef>

<ThingDef ParentName="CarniApparelMakeableBase"><!-- 脂肪 -->
	<defName>Apparel_CarniFat</defName>
		<label>wearable fat</label>
		<description>Innerwear processed from extracted fat. Prevents severe cold.</description>

	<recipeMaker>
		<unfinishedThingDef>UnfinishedCarniApparel</unfinishedThingDef>
	</recipeMaker>

	<graphicData>
		<texPath>Things/Apparel/Fat/Fat</texPath>
		<graphicClass>Graphic_Single</graphicClass>
	</graphicData>

	<statBases>
		<WorkToMake>5000</WorkToMake>
		<MaxHitPoints>200</MaxHitPoints>
		<Mass>1</Mass>
		<Insulation_Cold>20</Insulation_Cold>
		<ArmorRating_Blunt>0.2</ArmorRating_Blunt>
		<ArmorRating_Heat>0.1</ArmorRating_Heat>
		<ArmorRating_Sharp>0.1</ArmorRating_Sharp>
		<EquipDelay>3</EquipDelay>
	</statBases>

	<costList>
		<Cloth>5</Cloth>
		<Neutroamine>1</Neutroamine>
		<Meat_Human>45</Meat_Human>
	</costList>

	<equippedStatOffsets>
		<HungerRateMultiplier>-0.1</HungerRateMultiplier>
	</equippedStatOffsets>

	<apparel>
		<bodyPartGroups>
			<li>FullHead</li>
			<li>UpperHead</li>
			<li>Neck</li>
			<li>Shoulders</li>
			<li>Torso</li>
			<li>Arms</li>
			<li>Hands</li>
			<li>Legs</li>
			<li>ChestBPG</li>
			<li>GenitalsBPG</li>
			<li>Feet</li>
		</bodyPartGroups>
	<layers>
		<li>OnSkin</li>
	</layers>
	<wornGraphicPath>Things/Apparel/Fat/Fat</wornGraphicPath>
	</apparel>

</ThingDef>

<ThingDef ParentName="CarniApparelMakeableBase"><!-- 血管 -->
	<defName>Apparel_CarniVein</defName>
		<label>wearable vein</label>
		<description>A net of reconstituted veins. It promotes heat dissipation from the body surface.</description>

	<recipeMaker>
		<unfinishedThingDef>UnfinishedCarniApparel</unfinishedThingDef>
	</recipeMaker>

	<graphicData>
		<texPath>Things/Apparel/Vein/Vein</texPath>
		<graphicClass>Graphic_Single</graphicClass>
	</graphicData>

	<statBases>
		<WorkToMake>5000</WorkToMake>
		<MaxHitPoints>200</MaxHitPoints>
		<Mass>1</Mass>
		<Insulation_Heat>20</Insulation_Heat>
		<ArmorRating_Blunt>0.2</ArmorRating_Blunt>
		<ArmorRating_Heat>0.1</ArmorRating_Heat>
		<ArmorRating_Sharp>0.1</ArmorRating_Sharp>
		<EquipDelay>3</EquipDelay>
	</statBases>

	<costList>
		<Cloth>5</Cloth>
		<Neutroamine>1</Neutroamine>
		<Meat_Human>45</Meat_Human>
	</costList>

	<equippedStatOffsets>
		<MoveSpeed>0.1</MoveSpeed>
	</equippedStatOffsets>

	<apparel>
		<bodyPartGroups>
			<li>FullHead</li>
			<li>UpperHead</li>
			<li>Neck</li>
			<li>Shoulders</li>
			<li>Torso</li>
			<li>Arms</li>
			<li>Hands</li>
			<li>Legs</li>
			<li>ChestBPG</li>
			<li>GenitalsBPG</li>
			<li>Feet</li>
		</bodyPartGroups>
	<layers>
		<li>OnSkin</li>
	</layers>
		<wornGraphicPath>Things/Apparel/Vein/Vein</wornGraphicPath>
	</apparel>
</ThingDef>

<ThingDef ParentName="CarniApparelMakeableBase"><!-- レザースーツ -->
	<defName>Apparel_CarniLeatherSuit</defName>
		<label>leather suit</label>
		<description>leather suit that cover the entire body.</description>
		<techLevel>Medieval</techLevel>

	<recipeMaker>
		<unfinishedThingDef>UnfinishedApparel</unfinishedThingDef>
		</recipeMaker>

	<graphicData>
		<texPath>Things/Apparel/Suit/Suit</texPath>
		<graphicClass>Graphic_Single</graphicClass>
		<shaderType>CutoutComplex</shaderType>
	</graphicData>

	<statBases>
		<WorkToMake>38000</WorkToMake>
		<MaxHitPoints>290</MaxHitPoints>
		<Mass>15</Mass>
		<StuffEffectMultiplierArmor>0.7</StuffEffectMultiplierArmor>
		<StuffEffectMultiplierInsulation_Cold>1.0</StuffEffectMultiplierInsulation_Cold>
		<StuffEffectMultiplierInsulation_Heat>0.5</StuffEffectMultiplierInsulation_Heat>
		<EquipDelay>10</EquipDelay>
	</statBases>

	<stuffCategories>
		<li>Leathery</li>
	</stuffCategories>
	<costStuffCount>100</costStuffCount>

	<equippedStatOffsets>
		<MoveSpeed>-0.05</MoveSpeed>
		<PainShockThreshold>0.1</PainShockThreshold>
		<PawnBeauty>0.1</PawnBeauty>
	</equippedStatOffsets>

	<apparel>
		<bodyPartGroups>
			<li>Torso</li>
			<li>Neck</li>
			<li>Shoulders</li>
			<li>Arms</li>
			<li>Hands</li>
			<li>Legs</li>
			<li>ChestBPG</li>
			<li>GenitalsBPG</li>
			<li>Feet</li>
		</bodyPartGroups>
		<layers>
			<li>Shell</li>
		</layers>
		<wornGraphicPath>Things/Apparel/Suit/Suit</wornGraphicPath>
		<useWornGraphicMask>true</useWornGraphicMask>
	</apparel>

	<colorGenerator Class="ColorGenerator_Options">
		<options>
			<li>
				<weight>1</weight>
					<only>RGBA(1,1,1,0)</only>
			</li>
		</options>
	</colorGenerator>
</ThingDef>

<ThingDef Name="CarniArmorBase" ParentName="ApparelBase" Abstract="True"><!-- アーマーbase -->
	<recipeMaker>
		<workSpeedStat>GeneralLaborSpeed</workSpeedStat>
		<workSkill>Crafting</workSkill>
		<effectWorking>Smith</effectWorking>
		<soundWorking>Recipe_Smith</soundWorking>
		<recipeUsers>
			<li>FabricationBench</li>
		</recipeUsers>
		<unfinishedThingDef>UnfinishedCarniApparel</unfinishedThingDef>
	</recipeMaker>
	<techLevel>Spacer</techLevel>

	<statBases>
		<WorkToMake>50000</WorkToMake>
		<MaxHitPoints>450</MaxHitPoints>
		<Mass>12</Mass>
		<EquipDelay>15</EquipDelay>
	</statBases>

	<costList>
		<Neutroamine>10</Neutroamine>
		<Heart>1</Heart>
		<Meat_Human>65</Meat_Human>
	</costList>
	<stuffCategories>
		<li>Metallic</li>
	</stuffCategories>
	<costStuffCount>35</costStuffCount>

	<equippedStatOffsets>
		<PawnBeauty>-2</PawnBeauty>
		<HungerRateMultiplier>0.1</HungerRateMultiplier>
	</equippedStatOffsets>

	<apparel>
		<bodyPartGroups>
			<li>FullHead</li>
			<li>UpperHead</li>
			<li>Neck</li>
			<li>Shoulders</li>
			<li>Torso</li>
			<li>Arms</li>
			<li>Hands</li>
			<li>Legs</li>
			<li>ChestBPG</li>
			<li>GenitalsBPG</li>
			<li>Feet</li>
		</bodyPartGroups>
		<shellCoversHead>true</shellCoversHead>
		<blocksAddedPartWoundGraphics>true</blocksAddedPartWoundGraphics>
		<layers>
			<li>Shell</li>
		</layers>
		<tags>
			<li>CarniBossApparel</li>
		</tags>
		<useWornGraphicMask>true</useWornGraphicMask>
	</apparel>

	<thingCategories>
		<li>CarniApparel</li>
	</thingCategories>

	<colorGenerator Class="ColorGenerator_Options">
		<options>
			<li>
				<weight>100</weight>
				<only>(255,255,255,1)</only>
			</li>
		</options>
	</colorGenerator>
</ThingDef>

<ThingDef ParentName="CarniArmorBase"><!-- 触手アーマー -->
	<defName>Apparel_CarniFleshArmor</defName>
		<label>flesh armor</label>
		<description>This armor is made of processed biological tissue. The wearer's hunger rate increases as nourishment is taken from the blood vessels.</description>

	<graphicData>
		<texPath>Things/Apparel/FleshArmor/FleshArmor</texPath>
		<graphicClass>Graphic_Single</graphicClass>
		<shaderType>CutoutComplex</shaderType>
	</graphicData>

	<statBases>
		<StuffEffectMultiplierArmor>0.9</StuffEffectMultiplierArmor>
		<ArmorRating_Sharp>0.8</ArmorRating_Sharp>
		<ArmorRating_Blunt>1.1</ArmorRating_Blunt>
		<ArmorRating_Heat>1.0</ArmorRating_Heat>
		<Insulation_Cold>10</Insulation_Cold>
		<Insulation_Heat>12</Insulation_Heat>
	</statBases>

	<equippedStatOffsets>
		<MeleeHitChance>0.1</MeleeHitChance>
		<MeleeDodgeChance>0.1</MeleeDodgeChance>
		<ShootingAccuracyPawn>0.1</ShootingAccuracyPawn>
		<AimingDelayFactor>-0.1</AimingDelayFactor>
	</equippedStatOffsets>

	<apparel>
		<wornGraphicPath>Things/Apparel/FleshArmor/FleshArmor</wornGraphicPath>
	</apparel>

</ThingDef>

<ThingDef ParentName="CarniArmorBase"><!-- 膠殻アーマー -->
	<defName>Apparel_CarniCollodionArmor</defName>
		<label>collodion armor</label>
		<description>Armor that secretes substances that hardens when exposed to the open air. Sturdy and helps to stop bleeding of wearer's wound, but reduces moving speed.</description>

	<graphicData>
		<texPath>Things/Apparel/CollodionArmor/CollodionArmor</texPath>
		<graphicClass>Graphic_Single</graphicClass>
		<shaderType>CutoutComplex</shaderType>
	</graphicData>

	<statBases>
		<StuffEffectMultiplierArmor>0.6</StuffEffectMultiplierArmor>
		<ArmorRating_Sharp>1.1</ArmorRating_Sharp>
		<ArmorRating_Blunt>1.1</ArmorRating_Blunt>
		<ArmorRating_Heat>1.0</ArmorRating_Heat>
		<Insulation_Cold>12</Insulation_Cold>
		<Insulation_Heat>10</Insulation_Heat>
	</statBases>

	<equippedStatOffsets>
		<MoveSpeed>-0.4</MoveSpeed>
		</equippedStatOffsets>

	<apparel>
		<wornGraphicPath>Things/Apparel/CollodionArmor/CollodionArmor</wornGraphicPath>
	</apparel>

	<comps>
		<li Class="CompProperties_CauseHediff_Apparel">
			<hediff>Hediff_CollodionArmor</hediff>
		</li>
	</comps>
</ThingDef>

<HediffDef>
	<defName>Hediff_CollodionArmor</defName>
	<label>collodion armor</label>
	<labelNoun>collodion armor</labelNoun>
	<description>Wearing collodion armor.</description>
	<defaultLabelColor>(187,116,134)</defaultLabelColor>
	<hediffClass>HediffWithComps</hediffClass>
	<scenarioCanAdd>false</scenarioCanAdd>
	<isBad>false</isBad>
		<comps>
			<li Class="HediffCompProperties_RemoveIfApparelDropped" />
		</comps>
		<stages>
			<li>
				<totalBleedFactor>0.5</totalBleedFactor>
			</li>
		</stages>
</HediffDef>

<ThingDef ParentName="CarniArmorBase"><!-- 壊疽アーマー -->
	<defName>Apparel_CarniNecroArmor</defName>
		<label>necrotic armor</label>
		<description>Armor that covered with necrotic tissue like an outer shell. It acclimates the wearer to the toxic environment, but has a negative hygienic effect on the surroundings.</description>

	<graphicData>
		<texPath>Things/Apparel/NecroArmor/NecroArmor</texPath>
		<graphicClass>Graphic_Single</graphicClass>
		<shaderType>CutoutComplex</shaderType>
	</graphicData>

	<statBases>
		<StuffEffectMultiplierArmor>0.9</StuffEffectMultiplierArmor>
		<ArmorRating_Sharp>0.8</ArmorRating_Sharp>
		<ArmorRating_Blunt>0.8</ArmorRating_Blunt>
		<ArmorRating_Heat>0.5</ArmorRating_Heat>
		<Insulation_Cold>12</Insulation_Cold>
		<Insulation_Heat>10</Insulation_Heat>
	</statBases>

	<equippedStatOffsets>
		<ToxicSensitivity>-0.5</ToxicSensitivity>
		<FilthRate>1</FilthRate>
		<FoodPoisonChance>0.75</FoodPoisonChance>
	</equippedStatOffsets>

	<apparel>
		<wornGraphicPath>Things/Apparel/NecroArmor/NecroArmor</wornGraphicPath>
	</apparel>

	<comps>
		<li Class="CompProperties_CauseHediff_Apparel">
			<hediff>Hediff_NecroArmor</hediff>
			<part>Jaw</part>
		</li>
	</comps>
</ThingDef>

<HediffDef>
	<defName>Hediff_NecroArmor</defName>
	<label>necrotic fangs</label>
	<labelNoun>necrotic fangs</labelNoun>
	<description>Venomous bite granted by wearing necro armor.</description>
	<defaultLabelColor>(187,116,134)</defaultLabelColor>
	<hediffClass>HediffWithComps</hediffClass>
	<scenarioCanAdd>false</scenarioCanAdd>
	<isBad>false</isBad>
		<countsAsAddedPartOrImplant>false</countsAsAddedPartOrImplant>
		<addedPartProps>
			<solid>true</solid>
			<betterThanNatural>true</betterThanNatural>
		</addedPartProps>
		<comps>
			<li Class="HediffCompProperties_RemoveIfApparelDropped" />
			<li Class="HediffCompProperties_VerbGiver">
				<tools>
					<li>
						<label>venom fangs</label>
							<capacities>
								<li>ToxicBite</li>
							</capacities>
						<power>15</power>
						<cooldownTime>2</cooldownTime>
						<alwaysTreatAsWeapon>true</alwaysTreatAsWeapon>
					</li>
				</tools>
			</li>
		</comps>
</HediffDef>

<StuffCategoryDef>
	<defName>Flesh</defName>
	<label>flesh</label>
	<destroySoundSmall>BuildingDestroyed_Soft_Small</destroySoundSmall>
	<destroySoundMedium>BuildingDestroyed_Soft_Medium</destroySoundMedium>
</StuffCategoryDef>

</Defs>