<?xml version="1.0" encoding="utf-8" ?>
<Defs>

<ThingCategoryDef>
	<defName>CarniHeadgear</defName>
	<label>carniculus' headgears</label>
	<parent>CarniApparel</parent>
</ThingCategoryDef>

<ThingCategoryDef>
	<defName>CarniMamaHeadgear</defName>
	<label>mama's headgears</label>
	<parent>CarniMamaApparel</parent>
</ThingCategoryDef>

<ThingDef Name="Carni_HatBase" ParentName="HatBase" Abstract="True">
	<recipeMaker>
		<recipeUsers>
			<li>HandTailoringBench</li>
			<li>ElectricTailoringBench</li>
		</recipeUsers>
			<workSpeedStat>GeneralLaborSpeed</workSpeedStat>
			<workSkill>Crafting</workSkill>
			<effectWorking>Tailor</effectWorking>
			<soundWorking>Recipe_Tailor</soundWorking>
			<unfinishedThingDef>UnfinishedApparel</unfinishedThingDef>
	</recipeMaker>
	<apparel>
		<countsAsClothingForNudity>false</countsAsClothingForNudity>
		<tags>
			<li>CarniApparel</li>
		</tags>
	</apparel>
	<thingCategories>
		<li>CarniHeadgear</li>
	</thingCategories>
	<tradeability>Sellable</tradeability>
</ThingDef>

<ThingDef Name="CarniMama_HatBase" ParentName="HatBase" Abstract="True">
	<recipeMaker>
		<recipeUsers>
			<li>HandTailoringBench</li>
			<li>ElectricTailoringBench</li>
		</recipeUsers>
			<workSpeedStat>GeneralLaborSpeed</workSpeedStat>
			<workSkill>Crafting</workSkill>
			<effectWorking>Tailor</effectWorking>
			<soundWorking>Recipe_Tailor</soundWorking>
			<unfinishedThingDef>UnfinishedApparel</unfinishedThingDef>
	</recipeMaker>
	<techLevel>Medieval</techLevel>
	<apparel>
		<tags>
			<li>CarniMamaApparel</li>
		</tags>
	</apparel>
	<thingCategories>
		<li>CarniMamaHeadgear</li>
	</thingCategories>
</ThingDef>

<ThingDef ParentName="Carni_HatBase"><!-- ♂袋 -->
	<defName>Apparel_CarniSack</defName>
		<label>sack</label>
		<description>simple headgear that hides a scary face. Maybe you can make human friends easily now.</description>
		<techLevel>Medieval</techLevel>
		<recipeMaker>
		<recipeUsers>
			<li>CraftingSpot</li>
		</recipeUsers>
	</recipeMaker>

	<graphicData>
		<texPath>Things/Apparel/Hats/Sack</texPath>
		<graphicClass>Graphic_Single</graphicClass>
		<drawSize>(1.3, 1.3)</drawSize>
	</graphicData>

	<statBases>
		<WorkToMake>4000</WorkToMake>
		<MaxHitPoints>150</MaxHitPoints>
		<Mass>0.5</Mass>
		<StuffEffectMultiplierArmor>0.4</StuffEffectMultiplierArmor>
		<StuffEffectMultiplierInsulation_Cold>0.75</StuffEffectMultiplierInsulation_Cold>
		<StuffEffectMultiplierInsulation_Heat>0.75</StuffEffectMultiplierInsulation_Heat>
		<EquipDelay>1.0</EquipDelay>
	</statBases>

	<stuffCategories>
		<li>Fabric</li>
		<li>Leathery</li>
	</stuffCategories>
	<costStuffCount>45</costStuffCount>

	<equippedStatOffsets>
		<EatingSpeed>-0.02</EatingSpeed>
		<PawnBeauty>0.5</PawnBeauty>
		<SocialImpact>0.1</SocialImpact>
	</equippedStatOffsets>

	<apparel>
		<gender>Male</gender>
		<bodyPartGroups>
			<li>FullHead</li>
			<li>Neck</li>
			<li>Shoulders</li>
		</bodyPartGroups>
		<layers>
			<li>Overhead</li>
		</layers>
	<wornGraphicPath>Things/Apparel/Hats/Sack</wornGraphicPath>
	<tags>
		<li>Butcher</li>
	</tags>
	</apparel>
</ThingDef>

<ThingDef ParentName="Carni_HatBase"><!-- ♀ベール -->
	<defName>Apparel_CarniVeil</defName>
		<label>veil</label>
		<description>veil for shy ladies. As long as your face is hidden, you don't mind anything else's out there.</description>
		<techLevel>Medieval</techLevel>
	<recipeMaker>
		<recipeUsers>
			<li>CraftingSpot</li>
		</recipeUsers>
	</recipeMaker>

	<graphicData>
		<texPath>Things/Apparel/Hats/Veil</texPath>
		<graphicClass>Graphic_Single</graphicClass>
		<drawSize>(1.3, 1.3)</drawSize>
	</graphicData>

	<statBases>
		<WorkToMake>4000</WorkToMake>
		<MaxHitPoints>150</MaxHitPoints>
		<Mass>0.5</Mass>
		<StuffEffectMultiplierArmor>0.4</StuffEffectMultiplierArmor>
		<StuffEffectMultiplierInsulation_Cold>0.75</StuffEffectMultiplierInsulation_Cold>
		<StuffEffectMultiplierInsulation_Heat>0.75</StuffEffectMultiplierInsulation_Heat>
		<EquipDelay>1.0</EquipDelay>
		</statBases>

	<stuffCategories>
		<li>Fabric</li>
		<li>Leathery</li>
	</stuffCategories>
	<costStuffCount>45</costStuffCount>

	<equippedStatOffsets>
		<EatingSpeed>-0.02</EatingSpeed>
		<PawnBeauty>0.5</PawnBeauty>
		<SocialImpact>0.1</SocialImpact>
	</equippedStatOffsets>

	<apparel>
		<gender>Female</gender>
		<bodyPartGroups>
			<li>FullHead</li>
			<li>Neck</li>
			<li>Shoulders</li>
		</bodyPartGroups>
		<layers>
			<li>Overhead</li>
		</layers>
	<wornGraphicPath>Things/Apparel/Hats/Veil</wornGraphicPath>
		<tags>
			<li>Butcher</li>
		</tags>
	</apparel>
</ThingDef>

<ThingDef ParentName="Carni_HatBase"><!-- 革マスク -->
	<defName>Apparel_CarniLeatherMask</defName>
		<label>leather mask</label>
		<description>Gas masks made of thick leather.</description>
		<techLevel>Industrial</techLevel>

	<graphicData>
		<texPath>Things/Apparel/Hats/LeatherMask</texPath>
		<graphicClass>Graphic_Single</graphicClass>
		<shaderType>CutoutComplex</shaderType>
	</graphicData>

	<statBases>
		<WorkToMake>5500</WorkToMake>
		<MaxHitPoints>175</MaxHitPoints>
		<Mass>1</Mass>
		<StuffEffectMultiplierArmor>0.7</StuffEffectMultiplierArmor>
		<StuffEffectMultiplierInsulation_Cold>0.5</StuffEffectMultiplierInsulation_Cold>
		<StuffEffectMultiplierInsulation_Heat>0.5</StuffEffectMultiplierInsulation_Heat>
		<EquipDelay>1.5</EquipDelay>
		</statBases>

	<stuffCategories>
			<li>Leathery</li>
	</stuffCategories>
	<costStuffCount>75</costStuffCount>

	<equippedStatOffsets>
		<EatingSpeed>-0.05</EatingSpeed>
		<PawnBeauty>0.5</PawnBeauty>
		<ToxicSensitivity>-1.0</ToxicSensitivity>
	</equippedStatOffsets>

	<apparel>
		<bodyPartGroups>
			<li>FullHead</li>
			<li>Neck</li>
		</bodyPartGroups>
		<layers>
			<li>Overhead</li>
		</layers>
	<wornGraphicPath>Things/Apparel/Hats/LeatherMask</wornGraphicPath>
		<useWornGraphicMask>true</useWornGraphicMask>
	</apparel>

	<colorGenerator Class="ColorGenerator_Options">
		<options>
			<li>
				<weight>1</weight>
					<only>RGBA(1,1,1,0)</only>
			</li>
		</options>
	</colorGenerator>
</ThingDef>

<!-- ママ頭装備 -->
<ThingDef ParentName="CarniMama_HatBase"><!-- メガネ -->
	<defName>Apparel_MamaGlasses</defName>
		<label>mama's glasses</label>
		<description>Mama's thick glasses.</description>
		<techLevel>Industrial</techLevel>

	<graphicData>
		<texPath>Things/Apparel/Hats/Glasses</texPath>
		<graphicClass>Graphic_Single</graphicClass>
	</graphicData>

	<statBases>
		<WorkToMake>4000</WorkToMake>
		<MaxHitPoints>100</MaxHitPoints>
		<Mass>0.1</Mass>
		<StuffEffectMultiplierArmor>0.05</StuffEffectMultiplierArmor>
		<EquipDelay>0.5</EquipDelay>
	</statBases>

	<costList>
		<Steel>15</Steel>
	</costList>

	<equippedStatOffsets>
		<ResearchSpeed>0.1</ResearchSpeed>
		<MedicalTendSpeed>0.05</MedicalTendSpeed>
		<MedicalTendQuality>0.05</MedicalTendQuality>
	</equippedStatOffsets>

	<apparel>
		<bodyPartGroups>
			<li>UpperHead</li>
		</bodyPartGroups>
		<layers>
			<li>EyeCover</li>
		</layers>
	<wornGraphicPath>Things/Apparel/Hats/Glasses</wornGraphicPath>
	</apparel>
</ThingDef>

<ThingDef ParentName="CarniMama_HatBase"><!-- ガスマスク -->
	<defName>Apparel_MamaGasmask</defName>
		<label>mama's gasmask</label>
		<description>protects against poisonous gases and airborne dust.</description>
		<techLevel>Industrial</techLevel>

	<graphicData>
		<texPath>Things/Apparel/Hats/Gasmask</texPath>
		<graphicClass>Graphic_Single</graphicClass>
		<shaderType>CutoutComplex</shaderType>
	</graphicData>

	<statBases>
		<WorkToMake>6000</WorkToMake>
		<MaxHitPoints>200</MaxHitPoints>
		<Mass>0.5</Mass>
		<StuffEffectMultiplierArmor>0.7</StuffEffectMultiplierArmor>
		<StuffEffectMultiplierInsulation_Cold>0.15</StuffEffectMultiplierInsulation_Cold>
		<StuffEffectMultiplierInsulation_Heat>0</StuffEffectMultiplierInsulation_Heat>
		<EquipDelay>2</EquipDelay>
	</statBases>

	<stuffCategories>
			<li>Leathery</li>
	</stuffCategories>
	<costStuffCount>35</costStuffCount>
	<costList>
		<Steel>15</Steel>
		<ComponentIndustrial>1</ComponentIndustrial>
	</costList>

	<equippedStatOffsets>
		<ToxicSensitivity>-1.0</ToxicSensitivity>
	</equippedStatOffsets>

	<thingCategories Inherit="False">
		<li>Headgear</li>
	</thingCategories>

	<apparel>
		<bodyPartGroups>
			<li>Teeth</li>
		</bodyPartGroups>
		<layers>
			<li>Overhead</li>
		</layers>
	<wornGraphicPath>Things/Apparel/Hats/Gasmask</wornGraphicPath>
	<useWornGraphicMask>true</useWornGraphicMask>
	<hatRenderedFrontOfFace>true</hatRenderedFrontOfFace>
	</apparel>

<colorGenerator Class="ColorGenerator_Options">
	<options>
		<li>
			<weight>10</weight>
			<only>RGBA(1,1,1,1)</only>
		</li>
	</options>
</colorGenerator>
</ThingDef>

<ThingDef ParentName="CarniMama_HatBase"><!-- 修道女頭 -->
	<defName>Apparel_MamaNunHead</defName>
		<label>mama's veil</label>
		<description>mama's devotee veil.</description>
		<techLevel>Industrial</techLevel>

	<graphicData>
		<texPath>Things/Apparel/Hats/NunHead</texPath>
		<graphicClass>Graphic_Single</graphicClass>
		<shaderType>CutoutComplex</shaderType>
	</graphicData>

	<statBases>
		<WorkToMake>6000</WorkToMake>
		<MaxHitPoints>150</MaxHitPoints>
		<Mass>0.1</Mass>
		<StuffEffectMultiplierArmor>0.4</StuffEffectMultiplierArmor>
		<StuffEffectMultiplierInsulation_Cold>0.45</StuffEffectMultiplierInsulation_Cold>
		<StuffEffectMultiplierInsulation_Heat>0.45</StuffEffectMultiplierInsulation_Heat>
		<EquipDelay>0.8</EquipDelay>
	</statBases>

	<stuffCategories>
			<li>Fabric</li>
			<li>Leathery</li>
	</stuffCategories>
	<costStuffCount>45</costStuffCount>

	<equippedStatOffsets>
		<PawnBeauty>0.25</PawnBeauty>
		<SocialImpact>0.1</SocialImpact>
	</equippedStatOffsets>

	<apparel>
		<bodyPartGroups>
			<li>UpperHead</li>
			<li>Neck</li>
			<li>Shoulders</li>
		</bodyPartGroups>
		<layers>
			<li>Overhead</li>
		</layers>
		<wornGraphicPath>Things/Apparel/Hats/NunHead</wornGraphicPath>
		<useWornGraphicMask>true</useWornGraphicMask>
	</apparel>

<colorGenerator Class="ColorGenerator_Options">
	<options>
		<li>
			<weight>10</weight>
			<only>RGBA(1,1,1,1)</only>
		</li>
	</options>
</colorGenerator>
</ThingDef>

<ThingDef ParentName="CarniMama_HatBase"><!-- メイド頭 -->
	<defName>Apparel_MamaMaidHead</defName>
		<label>mama's brim</label>
		<description>mama's maid head dress.</description>
		<techLevel>Industrial</techLevel>

	<graphicData>
		<texPath>Things/Apparel/Hats/MaidHead</texPath>
		<graphicClass>Graphic_Single</graphicClass>
		<shaderType>CutoutComplex</shaderType>
	</graphicData>

	<statBases>
		<WorkToMake>4000</WorkToMake>
		<MaxHitPoints>120</MaxHitPoints>
		<Mass>0.1</Mass>
		<StuffEffectMultiplierArmor>0.4</StuffEffectMultiplierArmor>
		<StuffEffectMultiplierInsulation_Cold>0.1</StuffEffectMultiplierInsulation_Cold>
		<StuffEffectMultiplierInsulation_Heat>0.25</StuffEffectMultiplierInsulation_Heat>
		<EquipDelay>1.0</EquipDelay>
	</statBases>

	<stuffCategories>
			<li>Fabric</li>
			<li>Leathery</li>
	</stuffCategories>
	<costStuffCount>45</costStuffCount>

	<equippedStatOffsets>
		<SlaveSuppressionOffset MayRequire="Ludeon.RimWorld.Ideology">0.15</SlaveSuppressionOffset>
		<PawnBeauty>0.25</PawnBeauty>
		<GeneralLaborSpeed>0.05</GeneralLaborSpeed>
	</equippedStatOffsets>

	<apparel>
		<bodyPartGroups>
			<li>UpperHead</li>
		</bodyPartGroups>
		<layers>
			<li>Overhead</li>
		</layers>
	<wornGraphicPath>Things/Apparel/Hats/MaidHead</wornGraphicPath>
		<useWornGraphicMask>true</useWornGraphicMask>
	</apparel>

<colorGenerator Class="ColorGenerator_Options">
	<options>
		<li>
			<weight>10</weight>
			<only>RGBA(0.33,0.33,0.33,1)</only>
		</li>
	</options>
</colorGenerator>
</ThingDef>

<ThingDef ParentName="CarniMama_HatBase"><!-- 看守頭 -->
	<defName>Apparel_MamaWardenCap</defName>
		<label>mama's warden cap</label>
		<description>mama's warden cap.</description>
		<techLevel>Industrial</techLevel>

	<graphicData>
		<texPath>Things/Apparel/Hats/WardenCap</texPath>
		<graphicClass>Graphic_Single</graphicClass>
		<shaderType>CutoutComplex</shaderType>
		<drawSize>(1.2, 1.2)</drawSize>
	</graphicData>

	<statBases>
		<WorkToMake>4000</WorkToMake>
		<MaxHitPoints>120</MaxHitPoints>
		<Mass>0.1</Mass>
		<StuffEffectMultiplierArmor>0.1</StuffEffectMultiplierArmor>
		<StuffEffectMultiplierInsulation_Cold>0.1</StuffEffectMultiplierInsulation_Cold>
		<StuffEffectMultiplierInsulation_Heat>0.15</StuffEffectMultiplierInsulation_Heat>
		<EquipDelay>0.7</EquipDelay>
	</statBases>

	<stuffCategories>
			<li>Fabric</li>
			<li>Leathery</li>
	</stuffCategories>
	<costStuffCount>35</costStuffCount>

	<equippedStatOffsets>
		<SlaveSuppressionOffset MayRequire="Ludeon.RimWorld.Ideology">-0.1</SlaveSuppressionOffset>
		<PawnBeauty>0.1</PawnBeauty>
		<NegotiationAbility>0.25</NegotiationAbility>
		<ArrestSuccessChance>0.25</ArrestSuccessChance>
	</equippedStatOffsets>

	<apparel>
		<bodyPartGroups>
			<li>UpperHead</li>
		</bodyPartGroups>
		<layers>
			<li>Overhead</li>
		</layers>
	<wornGraphicPath>Things/Apparel/Hats/WardenCap</wornGraphicPath>
		<useWornGraphicMask>true</useWornGraphicMask>
	</apparel>

<colorGenerator Class="ColorGenerator_Options">
	<options>
		<li>
			<weight>10</weight>
			<only>RGBA(0.33,0.33,0.33,1)</only>
		</li>
	</options>
</colorGenerator>
</ThingDef>

</Defs>