<?xml version="1.0" encoding="utf-8" ?>
<Defs>

<!-- クソデカ包丁 -->
<ThingDef ParentName="BaseMeleeWeapon_Sharp_Quality">
	<defName>Melee_CarniButcherknife</defName>
		<label>butcher knife</label>
		<description>a large knife that cuts well through both dead and live meat.</description>
		<techLevel>Medieval</techLevel>

	<graphicData>
		<texPath>Things/Item/Equipment/WeaponMelee/Butcherknife</texPath>
		<graphicClass>Graphic_Single</graphicClass>
	</graphicData>
	<uiIconScale>0.5</uiIconScale>

	<statBases>
		<WorkToMake>18000</WorkToMake>
		<Mass>2.0</Mass>
	</statBases>

	<stuffCategories>
		<li>Metallic</li>
	</stuffCategories>
	<costStuffCount>75</costStuffCount>

	<equippedStatOffsets>
		<ButcheryFleshSpeed>0.1</ButcheryFleshSpeed>
		<CookSpeed>0.1</CookSpeed>
		<DrugCookingSpeed>0.05</DrugCookingSpeed>
	</equippedStatOffsets>
	<equippedAngleOffset>15</equippedAngleOffset>

	<tools>
		<li>
		<label>head</label>
			<capacities>
				<li>Stab</li>
			</capacities>
			<power>20</power>
			<cooldownTime>1.5</cooldownTime>
		</li>
		<li>
		<label>edge</label>
			<capacities>
				<li>Cut</li>
			</capacities>
			<power>23</power>
			<cooldownTime>1.5</cooldownTime>
		</li>
	</tools>
	<weaponTags Inherit="false">
		<li>CarniMelee</li>
	</weaponTags>
</ThingDef>

<!-- 剪定バサミ -->
<ThingDef ParentName="BaseMeleeWeapon_Sharp_Quality">
	<defName>Melee_CarniGardenScissors</defName>
		<label>great scissors</label>
		<description>big scissors used with both hands.</description>
		<techLevel>Medieval</techLevel>

	<graphicData>
		<texPath>Things/Item/Equipment/WeaponMelee/Scissors</texPath>
		<graphicClass>Graphic_Single</graphicClass>
	</graphicData>
	<uiIconScale>0.5</uiIconScale>

	<statBases>
		<WorkToMake>18000</WorkToMake>
		<Mass>2.0</Mass>
	</statBases>

	<stuffCategories>
		<li>Metallic</li>
	</stuffCategories>
	<costStuffCount>100</costStuffCount>

	<equippedStatOffsets>
		<PlantWorkSpeed>0.1</PlantWorkSpeed>
		<PlantHarvestYield>0.1</PlantHarvestYield>
	</equippedStatOffsets>
	<equippedAngleOffset>15</equippedAngleOffset>

	<tools>
		<li>
		<label>point</label>
			<capacities>
				<li>Stab</li>
			</capacities>
			<power>20</power>
			<cooldownTime>2.0</cooldownTime>
		</li>
		<li>
		<label>edge</label>
			<capacities>
				<li>Cut</li>
			</capacities>
			<power>23</power>
			<cooldownTime>2.3</cooldownTime>
		</li>
	</tools>
	<weaponTags Inherit="false">
		<li>CarniMelee</li>
	</weaponTags>
</ThingDef>

<!-- ツルハシ -->
<ThingDef ParentName="BaseMeleeWeapon_Sharp_Quality">
	<defName>Melee_CarniPickax</defName>
		<label>pickax</label>
		<description>a sturdy stick to support engineering work.</description>
		<techLevel>Medieval</techLevel>

	<graphicData>
		<texPath>Things/Item/Equipment/WeaponMelee/Pickax</texPath>
		<graphicClass>Graphic_Single</graphicClass>
	</graphicData>
	<uiIconScale>0.5</uiIconScale>

	<statBases>
		<WorkToMake>18000</WorkToMake>
		<Mass>2.0</Mass>
	</statBases>

	<stuffCategories>
		<li>Metallic</li>
	</stuffCategories>
	<costStuffCount>100</costStuffCount>

	<equippedStatOffsets>
		<MiningSpeed>0.1</MiningSpeed>
		<MiningYield>0.1</MiningYield>
		<ConstructionSpeed>0.1</ConstructionSpeed>
		<ConstructSuccessChance>0.1</ConstructSuccessChance>
	</equippedStatOffsets>
	<equippedAngleOffset>-15</equippedAngleOffset>

	<tools>
		<li>
		<label>shaft</label>
			<capacities>
				<li>Blunt</li>
			</capacities>
			<power>20</power>
			<cooldownTime>2.0</cooldownTime>
		</li>
		<li>
		<label>point</label>
			<capacities>
				<li>Stab</li>
			</capacities>
			<power>20</power>
			<armorPenetration>0.50</armorPenetration>
			<cooldownTime>1.7</cooldownTime>
		</li>
	</tools>
	<weaponTags Inherit="false">
		<li>CarniMelee</li>
	</weaponTags>
</ThingDef>

<!-- 牛追い棒 -->
<ThingDef ParentName="BaseMeleeWeapon_Sharp_Quality">
	<defName>Melee_CarniProd</defName>
		<label>cattle prod</label>
		<description>a tool to control livestock through electrical stimulation. Of course effective for more than just cattle.</description>
		<techLevel>Industrial</techLevel>
	<weaponClasses>
		<li>MeleePiercer</li>
	</weaponClasses>

	<graphicData>
		<texPath>Things/Item/Equipment/WeaponMelee/Prod</texPath>
		<graphicClass>Graphic_Single</graphicClass>
	</graphicData>
	<uiIconScale>0.4</uiIconScale>

	<statBases>
		<WorkToMake>20000</WorkToMake>
		<Mass>2.0</Mass>
	</statBases>

	<costList>
		<Steel>75</Steel>
		<ComponentIndustrial>1</ComponentIndustrial>
	</costList>

	<equippedStatOffsets>
		<AnimalGatherSpeed>0.1</AnimalGatherSpeed>
		<AnimalGatherYield>0.1</AnimalGatherYield>
		<ArrestSuccessChance>0.1</ArrestSuccessChance>
		<TrainAnimalChance>0.1</TrainAnimalChance>
	</equippedStatOffsets>
	<equippedAngleOffset>-15</equippedAngleOffset>

	<tools>
		<li>
		<label>head</label>
		<labelUsedInLogging>false</labelUsedInLogging>
			<capacities>
				<li>Poke</li>
			</capacities>
			<power>20</power>
			<cooldownTime>2.5</cooldownTime>
		<extraMeleeDamages>
			<li>
				<def>EMP</def>
				<amount>9</amount>
			</li>
			<li>
				<def>Stun</def>
				<amount>14</amount>
			</li>
		</extraMeleeDamages>
		</li>
	</tools>
	<weaponTags Inherit="false">
		<li>CarniMelee</li>
	</weaponTags>
</ThingDef>

</Defs>