<?xml version="1.0" encoding="utf-8" ?>
<Defs>
<PawnKindDef Name="BaseCarniMamaPawnKind" Abstract="True">
	<race>Alien_CarniMama</race>
	<combatPower>40</combatPower>
	<isFighter>false</isFighter>
	<apparelIgnoreSeasons>true</apparelIgnoreSeasons>
	<backstoryCryptosleepCommonality>0</backstoryCryptosleepCommonality>
	<initialWillRange>1~3</initialWillRange>
	<initialResistanceRange>10~20</initialResistanceRange>
	<backstoryFiltersOverride>
		<li>
			<categories>
				<li>CarniMama</li>
			</categories>
		</li>
	</backstoryFiltersOverride>
	<apparelTags>
		<li>CarniMamaApparel</li>
	</apparelTags>
</PawnKindDef>

<!-- Player -->
<PawnKindDef ParentName="BaseCarniMamaPawnKind">
	<defName>ColonistMama</defName>
	<label>colony mama</label>
	<apparelMoney>100~3000</apparelMoney>
	<techHediffsMoney>1000~3000</techHediffsMoney>
	<techHediffsChance>0.2</techHediffsChance>
	<defaultFactionType>CarniPlayerFaction</defaultFactionType>
	<techHediffsTags>
		<li>Advanced</li>
		<li>ImplantEmpireRoyal</li>
		<li>ImplantEmpireCommon</li>
	</techHediffsTags>
	<techHediffsDisallowTags>
		<li>PainCauser</li>
	</techHediffsDisallowTags>
</PawnKindDef>

<!-- npc --><!-- ボスママ -->
<PawnKindDef ParentName="BaseCarniMamaPawnKind">
	<defName>BossMama</defName>
	<defaultFactionType>CarniNPCFaction</defaultFactionType>
	<factionLeader>true</factionLeader>
	<label>big mama</label>
	<trader>true</trader>
	<apparelAllowHeadgearChance>1</apparelAllowHeadgearChance>
	<itemQuality>Good</itemQuality>
	<apparelMoney>500~5000</apparelMoney>
	<invNutrition>3.55</invNutrition>
	<techHediffsMoney>2000~3000</techHediffsMoney>
		<techHediffsTags>
			<li>Advanced</li>
		<li>ImplantEmpireRoyal</li>
		<li>ImplantEmpireCommon</li>
		</techHediffsTags>
	<techHediffsDisallowTags>
		<li>PainCauser</li>
	</techHediffsDisallowTags>
	<techHediffsChance>0.40</techHediffsChance>
	<apparelRequired>
		<li>Apparel_MamaHighSocks</li>
		<li>Apparel_MamaCorset</li>
		<li>Apparel_MamaNun</li>
		<li>Apparel_MamaNunHead</li>
	</apparelRequired>
</PawnKindDef>

<!-- Slave 奴隷ママ -->
<PawnKindDef ParentName="BaseCarniMamaPawnKind">
	<defName>SlaveMama</defName>
	<label>sex slave</label>
	<itemQuality>Poor</itemQuality>
	<gearHealthRange>0.2~0.6</gearHealthRange>
	<apparelRequired>
		<li>Apparel_MamaHighSocks</li>
		<li>Apparel_MamaHarness</li>
	</apparelRequired>
</PawnKindDef>

</Defs>